Date,oil_close,oil_open,oil_high,oil_low
2024-11-06,71.83,72.07,72.63,69.75
2024-11-05,71.99,71.62,72.67,71.29
2024-11-04,71.47,70.29,71.81,70.25
2024-11-01,69.49,70.44,71.45,69.32
2024-10-31,69.26,69.1,70.81,68.3
2024-10-30,68.61,67.47,69.17,67.28
2024-10-29,67.21,68.02,68.52,66.72
2024-10-28,67.38,68.98,69.0,66.92
2024-10-25,71.78,70.33,71.92,69.96
2024-10-24,70.19,71.02,72.34,69.77
2024-10-23,70.77,71.35,71.72,70.13
2024-10-22,72.09,70.49,72.66,70.05
2024-10-21,70.04,68.94,70.39,68.46
2024-10-18,68.69,70.17,70.67,68.17
2024-10-17,70.09,70.11,70.53,68.89
2024-10-16,69.82,70.39,70.69,69.12
2024-10-15,70.01,71.14,71.57,69.2
2024-10-14,73.24,74.26,74.35,71.24
2024-10-11,74.85,75.0,75.28,73.85
2024-10-10,75.11,72.73,75.45,72.62
2024-10-09,72.59,73.27,73.82,71.0
2024-10-08,72.98,76.63,77.7,72.12
2024-10-07,76.47,73.76,76.7,73.01
2024-10-04,73.68,73.35,74.84,72.94
2024-10-03,73.17,70.49,73.51,70.08
2024-10-02,69.69,70.3,71.95,69.45
2024-10-01,69.39,68.05,71.36,65.99
2024-09-30,67.77,68.08,68.83,67.14
2024-09-27,67.67,66.95,68.13,66.58
2024-09-26,67.19,69.3,69.47,66.49
2024-09-25,69.13,70.84,71.04,68.69
2024-09-24,70.84,69.96,71.6,69.69
2024-09-23,69.61,70.43,70.94,68.73
2024-09-20,71.0,71.18,71.45,70.37
2024-09-19,71.16,69.15,71.53,69.13
2024-09-18,69.88,69.98,70.31,68.58
2024-09-17,69.96,69.35,70.65,68.51
2024-09-16,69.02,68.22,69.61,67.7
2024-09-13,67.75,68.35,69.35,67.58
2024-09-12,68.15,66.68,68.93,66.55
2024-09-11,66.6,65.73,67.14,64.99
2024-09-10,65.14,67.97,68.3,64.61
2024-09-09,67.91,67.42,68.14,66.61
2024-09-06,66.98,68.66,69.41,66.51
2024-09-05,68.5,68.52,70.01,68.13
2024-09-04,68.52,69.54,70.61,68.16
2024-09-03,69.59,72.64,73.35,69.37
2024-09-02,73.78,73.0,74.39,72.89
2024-09-01,72.98,73.33,73.42,72.97
2024-08-30,72.65,74.69,75.31,72.46
2024-08-29,74.67,73.31,75.51,72.92
2024-08-28,73.44,74.71,74.88,72.92
2024-08-27,74.46,75.93,76.21,74.34
2024-08-26,76.17,74.13,76.4,74.08
2024-08-23,73.93,72.21,74.17,72.12
2024-08-22,72.28,71.36,72.77,71.0
2024-08-21,71.3,72.42,73.39,70.88
2024-08-20,73.17,73.74,74.38,72.54
2024-08-19,73.66,75.47,75.73,73.45
2024-08-16,75.54,76.81,76.98,74.52
2024-08-15,76.99,76.07,77.38,75.7
2024-08-14,75.84,77.1,77.52,75.66
2024-08-13,76.8,78.09,78.43,76.65
2024-08-12,78.46,75.62,78.54,75.44
2024-08-09,75.61,74.86,75.79,74.7
2024-08-08,75.04,74.37,75.27,73.53
2024-08-07,74.17,72.0,74.73,71.75
2024-08-06,72.34,73.14,73.77,71.46
2024-08-05,72.2,73.26,73.53,70.88
2024-08-02,72.59,75.89,76.3,72.12
2024-08-01,75.4,77.47,77.72,75.32
2024-07-31,76.84,74.37,77.54,74.27
2024-07-30,73.88,74.87,74.92,73.73
2024-07-29,74.8,76.02,76.52,74.34
2024-07-26,76.0,77.18,77.41,75.08
2024-07-25,77.11,76.43,77.28,75.05
2024-07-24,76.58,76.35,77.08,75.93
2024-07-23,75.92,77.15,77.63,75.45
2024-07-22,78.4,78.95,79.13,77.55
2024-07-19,78.64,80.88,81.34,78.59
2024-07-18,81.3,81.68,82.27,80.61
2024-07-17,81.44,79.82,81.63,79.43
2024-07-16,79.71,80.85,80.87,79.22
2024-07-15,80.84,80.96,81.35,80.36
2024-07-12,81.02,81.55,82.29,80.91
2024-07-11,81.38,81.35,81.83,80.6
2024-07-10,81.07,80.92,81.6,79.95
2024-07-09,80.56,81.45,81.65,80.42
2024-07-08,81.52,82.36,82.5,81.29
2024-07-05,82.26,82.75,83.58,82.19
2024-07-04,83.94,83.61,84.2,83.03
2024-07-03,83.02,82.25,83.07,81.59
2024-07-02,81.91,82.39,83.22,81.83
2024-07-01,82.32,80.56,82.58,80.49
2024-06-28,80.64,80.96,81.78,80.15
2024-06-27,80.83,80.14,81.21,79.81
2024-06-26,80.19,79.97,80.85,79.5
2024-06-25,80.07,80.97,81.12,79.8
2024-06-24,80.86,79.77,80.99,79.52
2024-06-21,79.96,80.44,80.94,79.59
2024-06-20,81.29,80.75,81.52,80.3
2024-06-19,80.59,80.78,81.16,80.31
2024-06-18,80.71,79.92,80.85,79.17
2024-06-17,79.72,78.12,80.01,77.58
2024-06-14,78.05,77.65,78.8,77.42
2024-06-13,78.26,78.01,78.54,77.35
2024-06-12,78.15,77.8,78.94,77.56
2024-06-11,77.55,77.65,77.99,76.86
2024-06-10,77.33,74.97,77.85,74.94
2024-06-07,75.22,75.38,75.9,74.93
2024-06-06,75.24,74.03,75.47,73.82
2024-06-05,73.82,72.72,74.07,72.69
2024-06-04,73.06,73.89,73.99,72.44
2024-06-03,74.09,76.73,77.23,73.84
2024-05-31,76.73,77.5,78.27,76.37
2024-05-30,77.54,78.87,78.97,77.3
2024-05-29,78.8,79.78,80.11,78.57
2024-05-28,79.35,77.36,79.79,77.24
2024-05-27,78.65,77.84,78.8,77.75
2024-05-24,77.23,76.62,77.55,75.75
2024-05-23,76.46,76.9,78.21,76.03
2024-05-22,77.15,77.9,78.03,76.85
2024-05-21,78.66,79.23,79.3,77.65
2024-05-20,79.3,79.58,80.11,78.67
2024-05-17,79.58,78.92,79.66,78.58
2024-05-16,78.74,78.36,79.3,77.75
2024-05-15,78.16,78.03,78.43,76.36
2024-05-14,77.65,78.72,78.86,77.26
2024-05-13,78.6,77.76,78.99,77.35
2024-05-10,77.84,79.11,79.47,77.73
2024-05-09,78.8,78.79,79.32,78.46
2024-05-08,78.56,77.96,78.8,76.63
2024-05-07,78.06,78.39,78.8,77.29
2024-05-06,78.14,77.88,78.68,77.56
2024-05-03,77.76,78.61,79.17,77.62
2024-05-02,78.48,78.6,79.34,77.91
2024-05-01,78.44,80.86,80.9,78.28
2024-04-30,81.28,82.16,82.65,80.34
2024-04-29,82.03,82.99,83.19,81.81
2024-04-26,83.13,82.97,83.63,82.59
2024-04-25,82.75,82.09,83.0,81.27
2024-04-24,82.09,82.6,82.9,81.71
2024-04-23,82.56,81.43,82.62,80.25
2024-04-22,81.9,81.84,82.29,80.7
2024-04-19,82.22,81.99,85.64,81.13
2024-04-18,82.1,82.28,82.84,81.06
2024-04-17,82.15,84.82,84.97,82.01
2024-04-16,84.83,85.16,85.6,84.22
2024-04-15,84.86,84.99,85.5,83.49
2024-04-12,85.08,85.0,86.97,84.67
2024-04-11,84.45,85.6,85.89,84.25
2024-04-10,85.44,84.57,85.6,83.86
2024-04-09,84.46,85.69,86.07,84.29
2024-04-08,85.53,85.19,86.21,83.93
2024-04-05,86.1,85.98,86.83,85.62
2024-04-04,85.81,84.82,86.41,83.94
2024-04-03,84.61,84.54,85.27,83.99
2024-04-02,84.22,83.14,84.56,82.96
2024-04-01,82.82,82.36,83.46,81.84
2024-03-28,82.42,81.11,82.46,80.91
2024-03-27,80.78,80.71,81.12,79.99
2024-03-26,81.04,81.44,81.77,80.63
2024-03-25,81.38,80.4,81.84,80.13
2024-03-22,80.17,80.39,80.97,79.99
2024-03-21,80.64,81.0,81.38,79.91
2024-03-20,81.27,82.53,82.65,80.83
2024-03-19,82.73,82.21,83.12,81.81
2024-03-18,82.16,80.58,82.5,80.56
2024-03-15,80.58,80.58,80.89,80.01
2024-03-14,80.74,79.24,81.03,79.15
2024-03-13,79.3,77.72,79.46,77.31
2024-03-12,77.25,77.71,78.31,77.01
2024-03-11,77.53,77.24,78.03,76.43
2024-03-08,77.5,78.77,79.29,77.05
2024-03-07,78.32,78.41,78.89,77.47
2024-03-06,78.41,77.44,79.69,77.25
2024-03-05,77.41,78.19,78.64,77.05
2024-03-04,78.17,79.24,79.53,77.93
2024-03-01,79.09,77.49,79.87,77.3
2024-02-29,77.45,77.5,78.35,77.2
2024-02-28,77.83,77.88,78.83,77.17
2024-02-27,78.23,77.11,78.33,76.67
2024-02-26,77.09,76.04,77.55,75.5
2024-02-23,76.08,77.71,77.74,75.89
2024-02-22,77.93,77.46,78.17,76.62
2024-02-21,77.31,76.74,77.45,75.95
2024-02-20,77.04,78.34,78.56,76.8
2024-02-19,78.11,78.16,78.56,77.64
2024-02-16,78.46,77.63,78.52,76.69
2024-02-15,77.59,76.33,78.07,75.52
2024-02-14,76.36,77.48,78.43,76.12
2024-02-13,77.56,76.9,78.1,76.77
2024-02-12,76.82,76.54,77.0,75.49
2024-02-09,76.77,76.32,77.17,75.88
2024-02-08,76.19,74.12,76.49,73.65
2024-02-07,73.91,73.53,74.25,73.29
2024-02-06,73.37,72.81,73.88,72.48
2024-02-05,72.85,72.7,73.3,71.49
2024-02-02,72.3,73.9,74.46,71.84
2024-02-01,73.79,75.54,76.75,73.68
2024-01-31,75.71,77.66,77.91,75.38
2024-01-30,77.65,76.75,77.95,75.73
2024-01-29,76.67,78.72,79.09,76.3
2024-01-26,77.86,77.1,78.09,75.92
2024-01-25,77.19,75.3,77.32,75.05
2024-01-24,74.98,74.47,75.7,73.85
2024-01-23,74.27,74.62,75.1,73.35
2024-01-22,74.76,73.6,75.46,72.56
2024-01-19,73.25,73.92,74.63,72.99
2024-01-18,73.95,72.73,74.19,72.1
2024-01-17,72.48,72.11,72.86,70.62
2024-01-16,72.52,72.73,73.68,71.39
2024-01-15,72.79,72.69,73.09,71.41
2024-01-12,72.79,73.16,75.28,72.48
2024-01-11,72.09,71.35,73.81,71.24
2024-01-10,71.44,72.2,73.55,71.09
2024-01-09,72.29,70.92,72.99,70.63
2024-01-08,70.92,73.6,73.98,70.25
2024-01-05,73.86,72.51,74.3,72.35
2024-01-04,72.36,73.2,74.12,71.24
2024-01-03,72.89,70.77,73.36,69.56
2024-01-02,70.62,71.9,73.8,70.32
2024-01-01,71.97,71.67,72.24,71.67
2023-12-29,71.84,72.15,72.8,71.47
2023-12-28,71.97,74.04,74.62,71.92
2023-12-27,74.34,75.57,75.81,74.01
2023-12-26,75.71,73.74,76.31,73.32
2023-12-25,73.79,73.49,73.94,73.48
2023-12-22,73.73,74.07,75.11,73.55
2023-12-21,74.06,73.99,74.78,72.65
2023-12-20,74.45,74.31,75.56,73.87
2023-12-19,73.94,72.93,74.45,72.14
2023-12-18,72.82,72.05,74.61,70.99
2023-12-15,71.78,71.91,72.56,70.64
2023-12-14,71.91,70.08,72.73,69.82
2023-12-13,69.72,68.99,70.15,67.98
2023-12-12,68.85,71.67,72.2,68.49
2023-12-11,71.56,71.36,72.03,70.61
2023-12-08,71.44,70.0,71.81,69.75
2023-12-07,69.59,69.57,70.7,69.08
2023-12-06,69.65,72.33,72.84,69.39
2023-12-05,72.53,73.59,74.34,72.24
2023-12-04,73.32,74.76,75.2,72.87
2023-12-01,74.25,75.71,76.81,74.13
2023-11-30,76.05,77.79,79.67,75.16
2023-11-29,77.99,76.67,78.18,75.87
2023-11-28,76.59,75.32,77.13,74.88
2023-11-27,75.09,75.57,76.42,74.35
2023-11-24,75.77,76.94,77.25,75.32
2023-11-23,76.34,76.69,76.81,75.31
2023-11-22,77.25,77.92,78.11,73.98
2023-11-21,77.92,77.69,78.04,77.04
2023-11-20,77.83,75.8,78.46,75.41
2023-11-17,76.04,73.11,76.19,72.91
2023-11-16,73.09,76.71,76.8,72.37
2023-11-15,76.79,78.1,78.69,76.45
2023-11-14,78.17,78.48,79.65,77.73
2023-11-13,78.19,77.18,78.54,76.19
2023-11-10,77.15,75.65,77.71,75.36
2023-11-09,75.75,75.63,77.12,75.18
2023-11-08,75.31,77.03,77.43,74.92
2023-11-07,77.21,80.69,80.79,76.99
2023-11-06,80.6,80.76,81.9,80.33
2023-11-03,80.23,82.25,83.2,79.84
2023-11-02,82.16,80.44,82.44,80.01
2023-11-01,80.1,80.98,82.82,79.96
2023-10-31,80.5,81.96,82.77,80.26
2023-10-30,81.68,84.25,84.39,81.16
2023-10-27,84.7,82.88,85.0,82.41
2023-10-26,82.54,84.58,84.85,81.97
2023-10-25,84.69,82.99,84.85,81.44
2023-10-24,82.97,85.05,85.22,82.16
2023-10-23,84.42,86.69,87.0,84.3
2023-10-20,88.08,89.09,89.85,87.53
2023-10-19,88.37,87.22,89.54,85.44
2023-10-18,87.27,86.41,88.57,86.25
2023-10-17,85.44,85.69,86.44,84.39
2023-10-16,85.26,86.37,86.94,85.0
2023-10-13,86.35,82.27,86.51,82.17
2023-10-12,81.8,81.84,83.75,81.31
2023-10-11,82.07,84.16,84.72,81.63
2023-10-10,84.13,84.7,84.94,83.39
2023-10-09,84.6,83.2,85.56,82.95
2023-10-06,81.28,81.05,81.69,80.2
2023-10-05,80.81,82.85,83.23,80.61
2023-10-04,82.55,87.44,87.76,82.5
2023-10-03,87.44,87.01,88.25,86.17
2023-10-02,87.17,88.83,89.89,86.83
2023-09-29,88.8,89.7,90.96,88.45
2023-09-28,89.59,91.44,92.48,89.31
2023-09-27,91.3,88.92,91.73,88.8
2023-09-26,88.78,88.3,89.09,86.74
2023-09-25,88.17,88.83,89.07,87.52
2023-09-22,88.35,88.27,89.65,87.82
2023-09-21,88.32,88.07,89.5,87.15
2023-09-20,89.66,90.63,91.07,88.97
2023-09-19,90.48,90.97,92.43,90.31
2023-09-18,90.58,90.41,91.36,89.91
2023-09-15,90.02,90.07,90.56,88.65
2023-09-14,89.61,88.19,90.2,88.04
2023-09-13,87.88,88.07,88.92,87.66
2023-09-12,88.16,86.62,88.62,86.58
2023-09-11,86.66,86.74,87.49,86.12
2023-09-08,86.81,86.01,87.2,85.49
2023-09-07,86.15,86.8,86.99,85.68
2023-09-06,86.79,86.02,87.27,85.31
2023-09-05,86.01,85.19,87.25,84.29
2023-09-04,85.82,85.85,86.14,85.28
2023-09-03,85.85,86.06,86.06,85.73
2023-09-01,84.75,82.9,85.19,82.78
2023-08-31,82.96,81.14,83.02,81.0
2023-08-30,81.12,80.78,81.54,80.43
2023-08-29,80.68,79.55,80.91,78.94
2023-08-28,79.67,79.69,80.44,79.25
2023-08-25,79.49,78.49,79.98,77.82
2023-08-24,78.66,78.3,78.95,77.32
2023-08-23,78.59,79.35,79.6,77.34
2023-08-22,79.64,80.25,80.37,79.46
2023-08-21,80.12,80.76,81.75,79.97
2023-08-18,80.66,79.58,80.97,79.02
2023-08-17,79.9,78.91,80.61,78.6
2023-08-16,79.02,80.74,80.97,78.68
2023-08-15,80.5,81.98,82.33,79.95
2023-08-14,81.92,82.46,82.51,81.19
2023-08-11,82.57,82.33,83.16,81.75
2023-08-10,82.29,83.51,84.16,82.04
2023-08-09,83.69,82.34,83.91,82.11
2023-08-08,82.36,82.04,82.52,79.52
2023-08-07,81.49,82.27,82.73,81.08
2023-08-04,82.27,81.22,82.66,81.04
2023-08-03,81.08,79.4,81.4,78.33
2023-08-02,79.13,81.54,81.95,78.68
2023-08-01,80.92,81.25,81.74,80.17
2023-07-31,81.32,80.23,81.5,79.72
2023-07-28,80.18,79.33,80.29,78.67
2023-07-27,79.63,78.49,80.08,78.47
2023-07-26,78.4,78.88,79.31,78.17
2023-07-25,79.2,78.47,79.46,77.93
2023-07-24,78.4,76.62,78.89,76.16
2023-07-21,76.78,75.45,76.98,75.45
2023-07-20,75.65,75.33,76.15,74.52
2023-07-19,75.29,75.75,76.87,75.02
2023-07-18,75.66,74.08,75.9,73.82
2023-07-17,74.08,74.88,76.0,73.78
2023-07-14,75.32,77.02,77.11,75.06
2023-07-13,76.76,75.64,77.15,75.23
2023-07-12,75.54,74.7,75.94,74.53
2023-07-11,74.71,73.13,74.82,72.94
2023-07-10,72.95,73.76,74.06,72.63
2023-07-07,73.77,71.85,73.82,71.22
2023-07-06,71.79,71.85,72.37,70.28
2023-07-05,71.88,70.25,72.25,70.03
2023-07-04,71.06,70.08,71.34,69.91
2023-07-03,69.91,70.61,71.88,69.82
2023-06-30,70.78,69.95,71.17,69.69
2023-06-29,70.02,69.37,70.73,69.11
2023-06-28,69.73,68.2,69.9,67.27
2023-06-27,67.9,69.63,70.29,67.71
2023-06-26,69.54,69.93,70.24,68.88
2023-06-23,69.32,69.66,69.77,67.52
2023-06-22,69.63,72.4,72.62,69.07
2023-06-21,72.52,70.86,72.69,70.8
2023-06-20,71.19,71.69,72.38,69.76
2023-06-19,71.31,71.47,72.25,70.83
2023-06-18,71.47,71.59,71.67,71.42
2023-06-16,71.93,70.81,72.03,70.18
2023-06-15,70.81,68.92,71.15,68.14
2023-06-14,68.46,69.51,70.64,68.26
2023-06-13,69.58,67.45,69.97,67.31
2023-06-12,67.29,70.42,70.49,66.96
2023-06-09,70.33,71.11,71.93,70.26
2023-06-08,71.44,72.57,73.37,69.21
2023-06-07,72.64,71.7,73.29,71.14
2023-06-06,71.85,72.09,72.42,70.29
2023-06-05,72.26,75.1,75.7,71.85
2023-06-02,71.84,70.25,72.24,70.1
2023-06-01,70.2,67.81,71.14,67.67
2023-05-31,68.24,69.67,69.81,67.21
2023-05-30,69.6,73.22,73.62,69.16
2023-05-29,72.87,73.22,73.55,72.05
2023-05-28,73.22,73.11,73.45,73.06
2023-05-26,72.76,71.99,73.12,71.59
2023-05-25,71.93,74.18,74.34,71.03
2023-05-24,74.29,73.68,74.65,73.09
2023-05-23,72.85,72.0,73.72,71.63
2023-05-22,72.05,71.87,72.53,70.67
2023-05-19,71.69,72.06,73.58,71.18
2023-05-18,71.94,72.82,72.97,71.52
2023-05-17,72.89,70.6,73.3,70.05
2023-05-16,70.84,71.28,71.76,70.44
2023-05-15,71.09,70.02,71.67,69.39
2023-05-12,70.02,71.47,71.74,69.93
2023-05-11,70.88,72.54,73.47,70.65
2023-05-10,72.52,73.48,73.81,71.78
2023-05-09,73.62,72.72,73.69,71.28
2023-05-08,73.07,71.27,73.56,70.96
2023-05-05,71.27,68.63,71.72,68.46
2023-05-04,68.51,68.27,69.76,63.9
2023-05-03,68.55,71.43,71.67,67.9
2023-05-02,71.55,75.55,75.96,71.32
2023-05-01,75.51,76.47,76.49,74.4
2023-04-28,76.61,74.71,76.74,73.8
2023-04-27,74.58,74.3,75.12,73.88
2023-04-26,74.19,76.93,77.7,73.94
2023-04-25,76.87,78.55,78.9,76.33
2023-04-24,78.6,77.82,79.0,76.57
2023-04-21,77.71,76.85,78.14,76.49
2023-04-20,77.37,79.03,79.07,76.97
2023-04-19,79.24,80.96,81.24,78.53
2023-04-18,80.9,81.0,81.52,79.91
2023-04-17,80.83,82.42,82.62,80.46
2023-04-14,82.43,82.3,82.99,81.64
2023-04-13,82.04,83.07,83.27,82.0
2023-04-12,83.09,81.38,83.38,81.21
2023-04-11,81.49,79.87,81.55,79.4
2023-04-10,79.77,80.5,81.19,79.65
2023-04-06,80.68,80.45,80.97,79.69
2023-04-05,80.63,81.01,81.25,79.75
2023-04-04,80.72,80.49,81.81,79.64
2023-04-03,80.44,80.6,81.77,79.04
2023-03-31,75.8,74.44,75.83,73.89
2023-03-30,74.49,73.07,74.72,72.76
2023-03-29,73.12,73.74,74.48,72.92
2023-03-28,73.34,72.93,74.04,72.33
2023-03-27,72.93,69.75,73.2,69.27
2023-03-24,69.41,69.67,70.53,67.02
2023-03-23,70.12,70.07,71.79,69.3
2023-03-22,71.02,69.57,71.43,69.03
2023-03-21,69.67,67.83,69.77,66.9
2023-03-20,67.82,66.9,67.9,64.36
2023-03-17,66.93,68.47,69.83,65.38
2023-03-16,68.52,68.38,69.53,65.89
2023-03-15,67.74,71.69,72.71,65.79
2023-03-14,71.49,74.77,75.02,70.94
2023-03-13,74.91,76.77,77.56,72.44
2023-03-10,76.78,75.78,77.2,74.92
2023-03-09,75.84,76.65,78.17,75.57
2023-03-08,76.81,77.36,77.88,76.26
2023-03-07,77.72,80.59,81.04,77.18
2023-03-06,80.56,80.04,80.72,78.44
2023-03-03,79.79,78.02,80.0,76.0
2023-03-02,78.31,77.9,78.72,77.39
2023-03-01,77.83,76.93,78.0,76.3
2023-02-28,77.19,75.87,77.93,75.68
2023-02-27,75.81,76.61,76.95,75.14
2023-02-24,76.47,75.85,76.75,74.3
2023-02-23,75.6,74.19,76.17,74.07
2023-02-22,74.19,76.29,76.72,74.05
2023-02-21,76.36,76.64,77.74,75.9
2023-02-20,77.3,76.69,77.74,76.33
2023-02-19,76.67,76.69,76.82,76.53
2023-02-17,76.55,78.35,78.5,75.32
2023-02-16,78.74,78.68,79.76,78.18
2023-02-15,78.83,79.04,79.37,77.47
2023-02-14,79.24,79.5,79.84,77.71
2023-02-13,80.33,80.05,80.78,78.67
2023-02-10,79.92,77.81,80.5,77.68
2023-02-09,78.27,78.69,79.04,76.76
2023-02-08,78.69,77.7,78.78,77.32
2023-02-07,77.39,74.83,77.82,74.71
2023-02-06,74.47,73.64,74.87,72.64
2023-02-03,73.74,76.25,78.28,73.47
2023-02-02,76.2,77.06,77.54,75.3
2023-02-01,76.73,79.35,80.01,76.37
2023-01-31,79.17,78.19,79.53,76.85
2023-01-30,78.18,80.12,80.78,77.96
2023-01-27,79.96,81.44,82.69,79.32
2023-01-26,81.28,80.44,82.38,80.21
2023-01-25,80.44,80.44,81.5,79.77
2023-01-24,80.44,81.94,82.51,79.98
2023-01-23,81.93,82.12,82.89,81.32
2023-01-20,81.64,80.84,81.91,79.91
2023-01-19,80.61,79.43,81.49,78.45
2023-01-18,79.8,81.34,82.66,79.21
2023-01-17,80.45,80.34,81.51,78.8
2023-01-16,79.04,79.78,79.92,78.8
2023-01-15,79.78,80.17,80.19,79.78
2023-01-13,80.11,78.58,80.37,78.23
2023-01-12,78.65,77.9,79.37,77.35
2023-01-11,77.68,75.06,78.06,74.56
2023-01-10,75.37,75.16,76.16,74.16
2023-01-09,74.92,73.87,76.97,73.79
2023-01-06,74.04,74.18,75.71,73.52
2023-01-05,73.92,73.51,75.15,72.74
2023-01-04,73.1,77.41,77.62,73.01
2023-01-03,77.12,80.66,81.62,76.81
2023-01-02,80.47,80.57,80.61,80.18
2022-12-30,80.45,78.75,80.81,77.85
2022-12-29,78.5,79.01,79.01,76.94
2022-12-28,79.08,80.02,80.02,77.45
2022-12-27,79.64,79.99,81.21,79.28
2022-12-26,80.97,79.92,81.06,79.92
2022-12-23,79.64,78.14,80.19,77.87
2022-12-22,77.42,78.28,79.77,77.01
2022-12-21,78.24,76.0,78.56,75.81
2022-12-20,76.23,75.77,76.96,74.46
2022-12-19,75.38,74.62,76.64,74.03
2022-12-16,74.46,76.33,76.58,73.4
2022-12-15,76.15,77.4,77.83,75.41
2022-12-14,77.31,75.22,77.76,74.96
2022-12-13,75.44,73.43,76.3,73.33
2022-12-12,73.28,72.02,74.0,70.48
2022-12-09,71.21,71.92,73.0,70.31
2022-12-08,71.58,72.65,75.19,71.27
2022-12-07,72.28,74.73,75.53,72.06
2022-12-06,74.46,77.46,78.05,73.62
2022-12-05,77.08,80.03,82.75,76.92
2022-12-02,80.05,81.35,82.12,79.73
2022-12-01,81.14,80.61,83.27,80.07
2022-11-30,80.66,78.98,81.41,78.48
2022-11-29,78.28,76.66,79.73,76.4
2022-11-28,77.33,76.19,77.89,73.77
2022-11-25,76.43,77.57,79.92,76.37
2022-11-24,77.95,77.53,78.19,76.92
2022-11-23,78.07,80.86,81.7,76.95
2022-11-22,80.73,80.14,82.03,79.74
2022-11-21,80.04,80.26,80.5,75.27
2022-11-18,80.11,81.86,82.43,77.59
2022-11-17,81.4,84.98,84.98,81.19
2022-11-16,85.0,86.23,86.9,83.67
2022-11-15,86.25,84.62,88.05,83.54
2022-11-14,85.16,88.24,89.03,84.51
2022-11-11,88.16,85.4,89.2,85.36
2022-11-10,85.66,84.96,86.49,83.9
2022-11-09,85.0,87.73,88.26,84.69
2022-11-08,88.0,90.82,91.1,87.63
2022-11-07,90.73,90.5,92.53,89.31
2022-11-04,91.45,86.92,91.67,86.84
2022-11-03,87.18,88.32,88.53,86.55
2022-11-02,88.86,87.42,89.14,86.6
2022-11-01,87.19,85.2,88.27,84.85
2022-10-31,85.4,87.06,87.36,84.16
2022-10-28,86.61,87.41,87.51,85.86
2022-10-27,87.83,87.06,88.45,86.12
2022-10-26,86.68,84.03,87.17,83.17
2022-10-25,84.31,83.93,85.0,82.14
2022-10-24,83.59,84.05,84.8,81.61
2022-10-21,83.95,83.78,84.64,82.05
2022-10-20,84.51,84.91,87.14,84.16
2022-10-19,84.52,82.91,85.02,81.72
2022-10-18,82.07,84.8,85.53,81.3
2022-10-17,84.53,84.63,86.18,83.7
2022-10-14,84.65,88.15,88.52,84.22
2022-10-13,87.95,86.01,88.38,84.43
2022-10-12,86.06,87.25,88.66,85.05
2022-10-11,87.97,89.75,90.15,86.59
2022-10-10,89.84,92.23,92.34,89.29
2022-10-07,91.35,88.12,92.0,87.15
2022-10-06,87.59,87.12,88.2,86.15
2022-10-05,86.84,85.3,87.42,84.53
2022-10-04,85.5,82.57,85.98,82.33
2022-10-03,82.7,80.29,83.61,80.19
2022-09-30,78.72,80.86,81.72,78.36
2022-09-29,80.42,81.0,81.99,79.45
2022-09-28,81.24,77.38,81.4,75.84
2022-09-27,77.81,75.9,78.92,75.88
2022-09-26,76.18,78.75,79.76,75.7
2022-09-23,78.25,83.15,83.45,77.64
2022-09-22,83.03,82.54,85.44,81.89
2022-09-21,82.43,83.6,85.99,82.0
2022-09-20,83.94,85.02,86.12,83.01
2022-09-19,85.36,84.81,85.88,81.73
2022-09-16,84.76,84.66,86.18,83.86
2022-09-15,84.65,88.7,88.7,84.09
2022-09-14,88.05,87.24,89.63,85.75
2022-09-13,86.89,87.82,88.9,84.66
2022-09-12,87.41,85.84,88.64,84.78
2022-09-09,86.36,82.3,86.68,82.23
2022-09-08,83.07,81.57,83.72,80.89
2022-09-07,81.63,86.53,87.33,81.18
2022-09-06,86.51,86.49,89.99,85.88
2022-09-05,88.96,88.27,90.37,87.98
2022-09-04,88.25,86.91,88.28,86.91
2022-09-02,86.48,85.99,89.15,85.93
2022-09-01,86.22,88.31,89.1,85.62
2022-08-31,89.03,91.85,92.26,87.92
2022-08-30,91.17,95.8,96.82,90.06
2022-08-29,96.19,92.28,96.46,91.66
2022-08-26,92.39,92.68,93.62,90.69
2022-08-25,92.19,94.82,95.3,91.95
2022-08-24,94.4,93.23,94.92,92.36
2022-08-23,93.25,90.1,93.65,90.1
2022-08-22,90.36,89.63,91.03,86.28
2022-08-19,90.44,90.0,91.69,87.95
2022-08-18,90.11,87.1,91.03,86.92
2022-08-17,87.69,86.71,88.66,85.48
2022-08-16,86.16,87.39,90.07,85.37
2022-08-15,88.85,91.3,91.47,86.29
2022-08-12,91.46,93.33,94.02,90.53
2022-08-11,93.53,90.82,94.17,90.57
2022-08-10,91.2,89.71,91.63,87.04
2022-08-09,89.67,89.87,91.8,88.29
2022-08-08,89.93,87.52,90.06,86.33
2022-08-05,88.08,87.04,89.72,86.06
2022-08-04,87.56,89.99,90.88,86.62
2022-08-03,89.74,92.69,95.33,89.47
2022-08-02,93.22,92.2,95.09,91.11
2022-08-01,92.39,96.44,96.68,90.96
2022-07-29,96.75,95.42,99.75,94.59
2022-07-28,94.65,96.09,97.82,94.28
2022-07-27,95.29,93.51,96.53,92.3
2022-07-26,92.88,93.95,96.6,92.64
2022-07-25,94.42,92.83,94.62,90.79
2022-07-22,92.43,93.78,95.24,91.77
2022-07-21,93.78,96.88,96.93,91.84
2022-07-20,99.88,100.34,100.72,98.16
2022-07-19,100.74,98.86,100.99,96.52
2022-07-18,99.42,94.34,99.62,92.88
2022-07-15,94.57,93.51,96.05,91.64
2022-07-14,92.83,94.14,94.49,88.23
2022-07-13,93.83,93.3,95.34,91.14
2022-07-12,93.31,100.57,100.57,92.83
2022-07-11,101.21,101.33,102.0,97.94
2022-07-08,101.53,98.92,101.97,98.4
2022-07-07,99.25,94.62,100.78,93.0
2022-07-06,94.98,97.44,99.11,92.18
2022-07-05,96.52,105.6,108.28,94.62
2022-07-04,110.4,108.17,110.77,107.25
2022-07-03,108.19,108.67,108.81,108.14
2022-07-01,105.39,103.33,106.26,101.94
2022-06-30,103.1,106.67,107.76,102.68
2022-06-29,107.01,109.0,111.14,106.45
2022-06-28,108.89,107.0,109.31,106.59
2022-06-27,106.38,104.37,107.28,102.48
2022-06-24,104.45,101.31,105.44,100.84
2022-06-23,101.58,102.53,104.62,100.24
2022-06-22,103.99,107.33,107.56,99.66
2022-06-21,109.52,108.75,111.16,106.82
2022-06-20,108.84,108.97,109.17,106.84
2022-06-19,108.94,108.97,109.34,108.78
2022-06-17,107.99,114.74,116.58,106.4
2022-06-16,115.25,114.09,115.73,110.43
2022-06-15,113.09,116.41,116.93,112.37
2022-06-14,116.26,118.45,120.88,114.2
2022-06-13,118.25,117.71,119.57,114.9
2022-06-10,118.12,119.07,120.15,115.84
2022-06-09,119.09,120.11,120.4,118.52
2022-06-08,119.78,117.7,120.75,117.02
2022-06-07,117.1,116.66,118.0,115.04
2022-06-06,116.06,118.17,118.28,115.15
2022-06-03,116.23,114.9,117.77,112.73
2022-06-02,114.3,112.27,115.1,108.94
2022-06-01,112.72,112.74,115.0,111.86
2022-05-31,111.91,112.1,117.07,111.5
2022-05-30,117.61,115.58,117.79,115.39
2022-05-29,115.61,115.3,115.81,115.2
2022-05-27,112.23,111.25,112.42,110.06
2022-05-26,111.25,108.05,111.88,107.6
2022-05-25,107.75,107.68,108.97,106.71
2022-05-24,107.2,107.68,108.76,105.94
2022-05-23,107.54,107.34,108.76,106.32
2022-05-20,110.28,109.26,111.04,108.13
2022-05-19,109.89,106.96,110.16,103.24
2022-05-18,107.04,110.77,112.39,106.06
2022-05-17,109.63,111.61,113.2,108.96
2022-05-16,111.82,109.0,112.47,106.27
2022-05-13,108.63,104.91,108.77,104.64
2022-05-12,104.4,103.94,105.55,101.11
2022-05-11,104.03,97.74,104.74,96.93
2022-05-10,98.45,100.96,102.78,97.61
2022-05-09,101.77,108.97,109.0,100.81
2022-05-06,108.33,107.07,109.53,105.72
2022-05-05,106.74,106.07,109.77,104.95
2022-05-04,106.22,101.99,107.0,101.41
2022-05-03,100.9,103.19,104.06,100.58
2022-05-02,103.42,102.15,104.19,98.87
2022-04-29,102.94,103.12,105.99,102.14
2022-04-28,103.47,100.59,103.77,98.75
2022-04-27,100.68,100.76,101.68,98.65
2022-04-26,100.41,97.77,101.5,96.37
2022-04-25,97.67,100.38,100.48,94.47
2022-04-22,101.05,102.01,103.34,100.08
2022-04-21,102.96,101.66,104.47,101.25
2022-04-20,102.19,102.38,103.96,99.88
2022-04-19,102.05,107.06,108.37,101.51
2022-04-18,107.61,106.46,109.2,105.43
2022-04-14,106.38,103.79,107.0,101.69
2022-04-13,103.79,100.35,104.0,99.51
2022-04-12,100.15,94.84,100.82,94.52
2022-04-11,93.92,97.84,97.95,92.6
2022-04-08,97.73,96.31,98.12,94.72
2022-04-07,95.51,96.29,97.95,93.21
2022-04-06,95.41,99.95,102.63,94.93
2022-04-05,100.68,102.16,104.07,98.63
2022-04-04,101.84,97.68,102.44,96.83
2022-04-01,97.9,99.77,100.0,96.22
2022-03-31,98.52,105.3,105.64,97.88
2022-03-30,105.68,103.04,106.44,102.41
2022-03-29,102.05,101.29,105.45,96.52
2022-03-28,103.42,110.22,110.22,100.43
2022-03-25,111.06,108.29,111.26,105.86
2022-03-24,109.43,111.41,113.51,107.79
2022-03-23,111.99,105.84,112.34,105.69
2022-03-22,109.27,110.91,113.35,107.1
2022-03-21,109.97,103.62,111.08,102.47
2022-03-18,103.09,102.23,104.67,100.96
2022-03-17,101.65,94.08,102.69,93.41
2022-03-16,93.59,93.7,97.93,92.68
2022-03-15,94.79,100.55,100.92,92.2
2022-03-14,101.18,106.64,106.65,97.89
2022-03-11,106.3,103.0,107.17,101.27
2022-03-10,102.99,106.59,110.91,102.38
2022-03-09,105.05,120.66,122.73,99.55
2022-03-08,119.65,116.98,124.98,113.66
2022-03-07,115.8,116.03,126.42,111.87
2022-03-04,112.11,105.04,112.54,104.36
2022-03-03,104.61,107.27,112.65,103.14
2022-03-02,107.06,103.43,108.91,101.86
2022-03-01,100.21,93.88,103.06,93.21
2022-02-28,93.5,92.97,96.92,92.42
2022-02-25,89.89,91.48,93.73,88.49
2022-02-24,90.94,91.08,98.44,89.65
2022-02-23,90.69,90.31,92.36,89.34
2022-02-22,91.91,91.32,94.95,89.06
2022-02-21,92.65,91.62,93.91,89.08
2022-02-20,91.62,91.22,91.74,91.08
2022-02-18,90.21,90.06,91.07,87.46
2022-02-17,90.04,89.25,91.51,88.83
2022-02-16,91.83,90.31,93.07,88.2
2022-02-15,90.21,92.84,93.16,88.94
2022-02-14,93.5,92.06,93.83,90.45
2022-02-11,91.42,88.56,92.74,87.79
2022-02-10,88.56,88.84,90.26,87.87
2022-02-09,88.53,88.4,89.17,87.15
2022-02-08,87.9,89.98,90.07,87.07
2022-02-07,89.77,89.88,90.97,89.08
2022-02-04,90.33,88.33,90.98,88.18
2022-02-03,88.45,86.4,88.59,85.24
2022-02-02,86.69,86.64,87.93,85.56
2022-02-01,86.46,86.45,87.12,84.92
2022-01-31,86.49,85.92,86.68,84.96
2022-01-28,85.43,86.0,87.36,85.06
2022-01-27,85.29,85.71,87.08,84.9
2022-01-26,85.96,84.1,86.51,83.84
2022-01-25,84.37,83.32,84.54,82.14
2022-01-24,82.41,83.84,85.1,81.06
2022-01-21,84.14,83.65,84.53,81.96
2022-01-20,85.55,85.06,87.1,84.2
2022-01-19,85.8,85.89,86.79,84.99
2022-01-18,84.83,83.77,85.98,82.93
2022-01-17,83.69,83.84,83.95,82.94
2022-01-16,83.83,83.78,84.09,83.68
2022-01-14,83.3,81.21,83.79,81.1
2022-01-13,81.62,82.12,82.29,80.91
2022-01-12,82.02,80.71,82.41,80.55
2022-01-11,80.67,77.87,80.95,77.83
2022-01-10,77.7,78.51,78.92,77.34
2022-01-07,78.44,79.0,79.82,78.07
2022-01-06,78.88,76.79,79.56,76.28
2022-01-05,77.47,76.88,78.16,76.25
2022-01-04,76.74,75.8,77.4,75.47
2022-01-03,75.85,75.53,76.18,74.01
2021-12-31,74.88,76.12,76.68,74.63
2021-12-30,76.61,76.2,77.06,75.42
2021-12-29,76.18,75.71,76.99,75.01
2021-12-28,75.6,75.58,76.5,75.12
2021-12-27,75.18,73.0,75.68,72.22
2021-12-23,73.42,72.59,73.6,71.84
2021-12-22,72.33,70.97,72.71,70.48
2021-12-21,70.82,68.94,71.21,68.27
2021-12-20,68.61,69.88,69.98,66.12
2021-12-17,70.72,71.79,72.05,69.7
2021-12-16,72.15,71.28,72.74,70.87
2021-12-15,70.66,70.12,71.45,69.21
2021-12-14,70.52,70.91,71.79,69.32
2021-12-13,71.06,71.84,72.82,70.54
2021-12-10,71.48,70.52,72.15,70.19
2021-12-09,70.79,72.36,73.13,70.23
2021-12-08,72.18,71.62,72.75,70.74
2021-12-07,71.84,69.28,72.72,69.28
2021-12-06,69.3,66.85,69.95,66.62
2021-12-03,66.1,67.17,68.96,65.45
2021-12-02,66.27,65.38,67.23,62.26
2021-12-01,65.37,66.68,69.18,64.62
2021-11-30,65.85,69.69,70.86,64.16
2021-11-29,69.62,68.93,72.48,68.4
2021-11-26,67.84,77.75,78.07,67.14
2021-11-25,77.41,78.38,78.65,77.28
2021-11-24,77.81,77.9,78.59,77.41
2021-11-23,77.94,75.81,78.23,74.77
2021-11-22,76.12,75.07,76.47,74.06
2021-11-19,75.94,78.29,79.33,75.09
2021-11-18,78.41,77.49,78.8,76.44
2021-11-17,77.55,79.6,79.71,76.93
2021-11-16,79.74,79.8,80.68,78.97
2021-11-15,79.75,79.59,80.04,78.28
2021-11-12,79.69,80.08,80.36,78.67
2021-11-11,80.42,80.1,80.95,78.98
2021-11-10,80.06,82.89,83.3,79.53
2021-11-09,82.56,80.87,82.99,80.56
2021-11-08,80.74,80.0,81.42,79.95
2021-11-05,80.13,78.32,80.51,77.78
2021-11-04,77.7,78.93,82.05,77.23
2021-11-03,79.57,81.7,81.7,78.52
2021-11-02,82.44,82.3,82.86,81.49
2021-11-01,82.45,81.58,83.07,81.05
2021-10-29,81.78,81.71,81.96,80.14
2021-10-28,81.46,81.05,81.85,79.37
2021-10-27,81.48,83.11,83.21,80.84
2021-10-26,83.36,82.61,83.51,81.97
2021-10-25,82.61,82.64,83.83,82.24
2021-10-22,82.5,81.43,82.92,80.62
2021-10-21,81.36,82.45,82.71,79.79
2021-10-20,83.42,82.46,83.65,80.78
2021-10-19,82.44,81.58,82.99,81.08
2021-10-18,81.69,82.0,83.18,81.21
2021-10-15,81.73,80.93,82.0,80.86
2021-10-14,80.77,79.94,81.14,79.79
2021-10-13,79.82,79.83,80.36,78.78
2021-10-12,79.92,79.89,80.79,78.88
2021-10-11,79.92,79.01,81.08,78.95
2021-10-08,78.76,78.47,79.62,78.2
2021-10-07,77.96,76.63,78.54,74.67
2021-10-06,77.06,78.58,79.39,76.48
2021-10-05,78.57,77.29,79.09,77.17
2021-10-04,77.33,75.63,78.07,75.03
2021-10-01,75.58,74.74,75.68,73.92
2021-09-30,74.7,74.47,75.72,72.82
2021-09-29,74.5,73.95,75.39,73.37
2021-09-28,74.9,75.05,76.26,73.86
2021-09-27,75.08,73.83,75.35,73.79
2021-09-24,73.61,72.91,73.86,72.47
2021-09-23,72.95,71.6,73.1,71.29
2021-09-22,71.89,70.48,71.96,70.27
2021-09-21,70.49,70.43,71.48,69.39
2021-09-20,70.14,71.81,71.93,69.71
2021-09-17,71.82,72.33,72.5,71.03
2021-09-16,72.37,72.42,72.72,71.29
2021-09-15,72.33,70.47,72.87,70.43
2021-09-14,70.23,70.38,70.97,69.75
2021-09-13,70.19,69.35,70.68,69.26
2021-09-10,69.47,67.73,69.71,67.48
2021-09-09,67.92,69.11,69.61,67.35
2021-09-08,69.05,68.13,69.49,68.08
2021-09-07,68.13,68.9,69.24,67.44
2021-09-06,68.8,68.75,69.47,68.27
2021-09-05,68.75,69.22,69.23,68.73
2021-09-03,69.07,69.51,70.27,68.87
2021-09-02,69.73,67.99,70.31,67.58
2021-09-01,68.32,68.31,68.98,66.92
2021-08-31,68.26,68.89,69.07,67.92
2021-08-30,68.93,68.94,69.36,67.53
2021-08-27,68.48,67.47,68.69,67.18
2021-08-26,67.1,67.78,67.97,66.71
2021-08-25,68.06,67.33,68.23,66.63
2021-08-24,67.25,65.24,67.49,65.15
2021-08-23,65.34,61.75,65.66,61.5
2021-08-20,62.14,63.65,64.04,61.82
2021-08-19,63.5,64.45,64.57,62.41
2021-08-18,65.21,66.34,67.23,64.17
2021-08-17,66.34,67.17,67.46,66.09
2021-08-16,67.05,67.63,68.03,65.51
2021-08-13,68.21,68.75,68.99,67.55
2021-08-12,68.9,69.15,69.39,68.24
2021-08-11,69.02,68.28,69.19,66.47
2021-08-10,68.06,66.62,68.66,66.29
2021-08-09,66.3,67.62,67.67,65.0
2021-08-06,68.1,68.77,69.87,67.62
2021-08-05,68.74,67.64,68.97,67.22
2021-08-04,67.79,69.88,70.31,67.52
2021-08-03,70.03,70.86,71.29,68.65
2021-08-02,70.61,73.11,73.19,69.96
2021-07-30,73.23,72.75,73.52,72.3
2021-07-29,72.98,71.8,73.02,71.66
2021-07-28,71.79,71.36,72.0,71.16
2021-07-27,71.14,71.61,71.76,70.62
2021-07-26,71.34,71.46,71.71,69.9
2021-07-23,71.38,70.97,71.48,70.69
2021-07-22,71.14,69.5,71.26,69.11
2021-07-21,69.57,65.86,69.75,65.86
2021-07-20,67.2,66.61,67.61,65.01
2021-07-19,66.35,71.09,71.4,65.56
2021-07-16,71.56,71.21,72.04,70.16
2021-07-15,71.38,72.43,72.48,71.02
2021-07-14,72.64,74.58,74.89,71.7
2021-07-13,74.69,73.51,74.9,73.07
2021-07-12,73.44,73.92,74.15,72.45
2021-07-09,73.81,72.51,73.98,71.97
2021-07-08,72.22,71.55,72.51,70.1
2021-07-07,71.5,73.0,74.06,70.44
2021-07-06,72.58,74.43,76.07,72.16
2021-07-05,76.25,75.15,76.4,74.75
2021-07-04,75.14,75.22,75.28,75.0
2021-07-02,74.36,74.07,74.67,73.57
2021-07-01,74.33,72.78,75.23,72.66
2021-06-30,72.77,72.77,73.45,72.1
2021-06-29,72.31,72.04,73.07,71.28
2021-06-28,72.2,73.27,73.7,71.92
2021-06-25,73.33,72.65,73.4,72.11
2021-06-24,72.63,72.56,72.86,71.64
2021-06-23,72.36,72.1,73.33,72.01
2021-06-22,72.85,73.04,73.47,72.47
2021-06-21,73.12,71.15,73.28,70.78
2021-06-18,71.29,70.8,71.82,69.87
2021-06-17,70.78,71.48,72.1,69.54
2021-06-16,71.95,72.13,72.74,71.42
2021-06-15,71.86,70.91,72.2,70.54
2021-06-14,70.63,70.36,71.4,70.36
2021-06-11,70.6,69.91,70.86,69.47
2021-06-10,70.09,69.61,70.46,68.51
2021-06-09,69.79,69.81,70.43,69.29
2021-06-08,69.87,69.08,70.08,68.29
2021-06-07,69.04,69.25,69.76,68.71
2021-06-04,69.39,68.71,69.51,68.12
2021-06-03,68.6,68.59,69.18,67.98
2021-06-02,68.63,67.8,68.77,67.59
2021-06-01,67.52,66.45,68.64,66.19
2021-05-31,66.96,66.58,67.41,66.41
2021-05-30,66.59,66.7,66.75,66.53
2021-05-28,66.1,66.68,67.28,65.95
2021-05-27,66.6,65.93,66.66,65.23
2021-05-26,65.96,65.75,66.15,65.02
2021-05-25,65.79,65.76,66.18,65.14
2021-05-24,65.78,63.61,65.87,63.45
2021-05-21,63.36,61.73,63.82,61.36
2021-05-20,61.94,63.35,63.95,61.67
2021-05-19,63.35,65.3,65.35,61.95
2021-05-18,65.5,66.31,67.02,64.14
2021-05-17,66.28,65.44,66.42,64.83
2021-05-14,65.36,63.84,65.6,63.35
2021-05-13,63.84,65.78,65.83,63.12
2021-05-12,66.1,65.44,66.63,64.98
2021-05-11,65.3,64.94,65.51,63.71
2021-05-10,64.93,65.25,66.0,63.96
2021-05-07,64.88,64.86,65.2,63.89
2021-05-06,64.67,65.26,65.93,64.47
2021-05-05,65.59,66.2,66.67,64.89
2021-05-04,65.61,64.43,66.12,64.21
2021-05-03,64.41,63.48,64.58,62.82
2021-04-30,63.48,64.76,64.83,63.0
2021-04-29,64.88,63.59,65.32,63.53
2021-04-28,63.75,62.92,64.37,62.54
2021-04-27,62.8,61.8,63.15,61.8
2021-04-26,61.8,62.03,62.18,60.56
2021-04-23,62.02,61.56,62.3,61.14
2021-04-22,61.34,61.05,61.79,60.55
2021-04-21,61.27,62.33,62.47,60.79
2021-04-20,62.67,63.53,64.38,61.49
2021-04-19,63.43,63.01,63.69,62.67
2021-04-16,63.19,63.35,63.94,62.88
2021-04-15,63.51,62.97,63.62,62.61
2021-04-14,63.22,60.52,63.51,60.43
2021-04-13,60.24,59.69,60.63,59.69
2021-04-12,59.75,59.43,60.78,58.77
2021-04-09,59.35,59.78,59.94,59.13
2021-04-08,59.63,59.56,59.93,58.85
2021-04-07,59.81,59.28,60.06,58.16
2021-04-06,59.37,58.87,60.89,58.66
2021-04-05,58.68,61.48,61.48,57.68
2021-04-01,61.48,59.48,61.75,58.91
2021-03-31,59.18,60.4,61.17,58.88
2021-03-30,60.56,61.92,62.22,59.95
2021-03-29,61.53,60.94,61.74,59.42
2021-03-26,60.96,58.44,61.34,58.33
2021-03-25,58.57,60.8,60.84,57.46
2021-03-24,61.16,57.42,61.31,57.33
2021-03-23,57.78,61.18,61.25,57.29
2021-03-22,61.56,61.6,62.04,60.35
2021-03-19,61.44,59.65,61.8,59.01
2021-03-18,60.06,64.44,64.88,58.28
2021-03-17,64.63,64.87,65.4,63.64
2021-03-16,64.86,65.34,65.48,63.87
2021-03-15,65.44,65.56,66.44,64.22
2021-03-12,65.64,65.95,66.22,65.4
2021-03-11,66.0,64.62,66.17,64.49
2021-03-10,64.42,63.81,64.9,63.1
2021-03-09,63.99,64.6,65.87,63.6
2021-03-08,64.93,66.5,67.79,64.45
2021-03-05,65.92,63.94,66.23,63.59
2021-03-04,63.62,60.93,64.62,60.36
2021-03-03,61.1,59.4,61.75,59.08
2021-03-02,59.57,60.04,60.98,59.2
2021-03-01,60.42,61.42,62.67,59.77
2021-02-26,61.23,63.17,63.24,61.04
2021-02-25,63.22,63.22,63.56,62.45
2021-02-24,63.0,61.07,63.28,60.77
2021-02-23,61.43,61.9,62.71,60.44
2021-02-22,61.7,58.93,62.22,58.82
2021-02-19,59.26,60.18,60.32,58.6
2021-02-18,60.53,61.71,62.29,59.81
2021-02-17,61.16,60.28,61.75,59.56
2021-02-16,60.08,59.83,60.78,59.34
2021-02-15,60.09,60.36,60.95,59.96
2021-02-14,60.37,60.01,60.75,60.01
2021-02-12,59.38,57.82,59.72,57.31
2021-02-11,58.14,58.26,58.57,57.75
2021-02-10,58.57,58.33,58.77,57.98
2021-02-09,58.25,57.99,58.49,57.17
2021-02-08,57.83,56.95,57.98,56.86
2021-02-05,56.7,56.32,57.11,56.32
2021-02-04,56.07,55.8,56.41,55.16
2021-02-03,55.54,54.96,56.16,54.66
2021-02-02,54.62,53.35,55.09,53.32
2021-02-01,53.42,51.9,53.6,51.53
2021-01-29,52.08,52.03,53.13,51.85
2021-01-28,52.24,52.54,53.43,51.94
2021-01-27,52.73,52.67,53.16,51.77
2021-01-26,52.52,52.81,53.12,52.2
2021-01-25,52.67,52.08,52.84,51.75
2021-01-22,52.19,53.01,53.08,51.38
2021-01-21,53.05,52.81,53.3,52.64
2021-01-20,53.31,53.06,53.83,52.83
2021-01-19,52.98,52.0,53.18,51.81
2021-01-18,52.36,52.2,52.61,51.83
2021-01-17,52.2,52.09,52.38,52.09
2021-01-15,52.42,53.77,53.86,51.89
2021-01-14,53.62,52.89,53.79,52.3
2021-01-13,52.96,53.34,53.94,52.6
2021-01-12,53.24,52.19,53.47,52.08
2021-01-11,52.27,52.55,52.69,51.51
2021-01-08,52.26,50.9,52.74,50.86
2021-01-07,50.87,50.55,51.3,50.44
2021-01-06,50.69,49.93,50.98,49.53
2021-01-05,50.01,47.54,50.27,47.39
2021-01-04,47.76,48.49,49.94,47.31
2020-12-31,48.63,48.41,48.68,47.88
2020-12-30,48.5,48.26,48.78,47.76
2020-12-29,48.14,47.87,48.49,47.82
2020-12-28,47.77,48.39,49.07,47.63
2020-12-24,48.35,48.2,48.72,47.69
2020-12-23,48.24,46.93,48.6,46.3
2020-12-22,47.16,48.0,48.06,46.72
2020-12-21,47.97,49.26,49.31,46.25
2020-12-18,49.24,48.57,49.43,48.27
2020-12-17,48.54,48.07,48.8,48.0
2020-12-16,48.0,47.77,48.12,47.34
2020-12-15,47.78,47.18,47.89,46.72
2020-12-14,47.15,46.92,47.57,45.88
2020-12-11,46.75,47.15,47.46,46.51
2020-12-10,46.96,45.87,47.88,45.72
2020-12-09,45.72,45.75,46.43,45.14
2020-12-08,45.8,45.82,46.09,45.32
2020-12-07,45.95,46.24,46.7,45.54
2020-12-04,46.42,45.76,46.8,45.76
2020-12-03,45.79,45.14,45.98,44.84
2020-12-02,45.44,44.54,46.04,44.1
2020-12-01,44.73,45.25,45.86,44.32
2020-11-30,45.51,45.57,45.98,44.64
2020-11-27,45.74,46.12,46.27,44.77
2020-11-26,44.98,45.77,46.09,44.73
2020-11-25,45.91,45.05,46.44,44.87
2020-11-24,45.11,43.04,45.38,43.04
2020-11-23,43.28,42.64,43.56,42.52
2020-11-20,42.42,41.88,42.54,41.61
2020-11-19,41.9,41.87,42.15,41.26
2020-11-18,42.01,41.55,42.68,41.3
2020-11-17,41.65,41.65,41.93,40.81
2020-11-16,41.57,40.44,42.35,40.4
2020-11-13,40.4,41.21,41.21,40.33
2020-11-12,41.41,41.72,42.45,41.16
2020-11-11,41.74,42.08,43.33,41.61
2020-11-10,41.67,40.19,42.12,39.72
2020-11-09,40.62,37.64,41.63,37.52
2020-11-06,37.49,38.82,38.92,37.4
2020-11-05,39.11,39.42,39.67,38.6
2020-11-04,39.47,38.46,39.56,37.59
2020-11-03,37.99,37.37,38.63,36.93
2020-11-02,37.18,35.5,37.5,34.04
2020-10-30,36.15,36.41,36.93,35.57
2020-10-29,36.51,37.76,38.1,35.28
2020-10-28,37.72,39.3,39.33,37.32
2020-10-27,39.87,38.95,40.13,38.83
2020-10-26,38.89,39.98,40.04,38.61
2020-10-23,40.15,40.91,41.21,39.88
2020-10-22,40.94,40.31,41.31,40.0
2020-10-21,40.31,41.45,41.85,40.07
2020-10-20,41.7,40.93,41.9,40.46
2020-10-19,41.06,40.92,41.46,40.77
2020-10-16,41.12,41.16,41.3,40.34
2020-10-15,41.24,41.43,41.57,39.52
2020-10-14,41.34,40.49,41.43,40.12
2020-10-13,40.49,39.8,40.79,39.65
2020-10-12,39.73,40.72,40.75,39.36
2020-10-09,40.91,41.6,41.74,40.68
2020-10-08,41.47,40.23,41.59,40.05
2020-10-07,40.23,40.12,40.61,39.57
2020-10-06,40.93,39.62,41.11,39.37
2020-10-05,39.5,37.34,39.96,37.32
2020-10-02,37.34,38.92,38.93,36.93
2020-10-01,39.01,40.15,40.7,37.92
2020-09-30,40.47,39.43,40.61,38.95
2020-09-29,39.56,40.84,40.94,38.7
2020-09-28,40.87,40.24,41.06,40.05
2020-09-25,40.51,40.35,40.89,40.0
2020-09-24,40.58,39.87,40.64,39.41
2020-09-23,40.22,40.03,41.04,39.56
2020-09-22,39.8,39.84,40.27,39.19
2020-09-21,39.54,41.19,41.49,38.87
2020-09-18,41.32,41.2,41.72,40.52
2020-09-17,41.22,40.41,41.48,39.67
2020-09-16,40.41,38.65,40.59,38.62
2020-09-15,38.55,37.6,38.82,37.36
2020-09-14,37.56,37.6,37.97,37.12
2020-09-11,37.65,37.34,38.12,37.02
2020-09-10,37.66,38.16,38.53,37.27
2020-09-09,38.41,37.18,38.78,36.6
2020-09-08,37.19,39.86,39.96,36.58
2020-09-07,39.2,38.77,39.53,38.77
2020-09-06,38.75,39.47,39.48,38.57
2020-09-04,40.15,41.6,42.19,39.75
2020-09-03,41.72,41.96,42.14,40.61
2020-09-02,41.85,43.35,43.51,41.59
2020-09-01,43.08,43.12,43.7,43.04
2020-08-31,42.9,43.3,43.89,42.84
2020-08-28,43.29,43.27,43.69,43.03
2020-08-27,43.31,43.78,43.81,42.68
2020-08-26,43.69,43.74,44.05,43.32
2020-08-25,43.65,42.71,43.84,42.63
2020-08-24,42.93,42.72,43.13,42.51
2020-08-21,42.62,43.01,43.22,41.74
2020-08-20,42.82,42.95,42.98,41.63
2020-08-19,43.11,42.81,43.21,42.55
2020-08-18,43.12,43.05,43.29,42.4
2020-08-17,43.17,42.45,43.25,42.09
2020-08-14,42.31,42.62,42.84,41.93
2020-08-13,42.52,42.88,43.1,42.37
2020-08-12,42.95,41.92,43.17,41.8
2020-08-11,41.87,42.21,43.14,41.75
2020-08-10,42.17,41.63,42.54,41.43
2020-08-07,41.49,42.19,42.44,41.33
2020-08-06,42.2,42.42,42.87,41.89
2020-08-05,42.43,41.8,43.68,41.66
2020-08-04,41.91,41.08,42.28,40.43
2020-08-03,41.31,40.7,41.49,39.89
2020-07-31,40.57,40.65,40.86,39.96
2020-07-30,40.24,41.59,41.64,39.0
2020-07-29,41.54,41.29,41.81,41.19
2020-07-28,41.28,41.88,42.12,41.08
2020-07-27,41.8,41.45,41.99,40.69
2020-07-24,41.45,41.23,41.81,40.83
2020-07-23,41.21,42.1,42.51,40.99
2020-07-22,42.04,41.68,42.16,41.31
2020-07-21,41.92,40.8,42.51,40.74
2020-07-20,40.92,40.77,41.02,39.97
2020-07-17,40.75,40.9,41.05,40.18
2020-07-16,40.93,41.19,41.38,40.69
2020-07-15,41.4,40.79,41.46,40.32
2020-07-14,40.55,39.84,40.8,39.31
2020-07-13,40.32,40.57,40.91,39.7
2020-07-10,40.76,39.83,40.92,38.77
2020-07-09,39.83,41.03,41.12,39.45
2020-07-08,41.04,40.57,41.16,40.4
2020-07-07,40.7,40.75,41.01,40.0
2020-07-06,40.73,40.43,41.19,39.95
2020-07-03,40.28,40.23,40.5,39.86
2020-07-02,40.76,39.85,40.84,39.57
2020-07-01,39.92,39.88,40.61,39.11
2020-06-30,39.34,39.76,40.12,38.96
2020-06-29,39.81,38.12,39.99,37.69
2020-06-26,38.65,39.23,39.5,37.96
2020-06-25,38.91,38.26,39.38,37.32
2020-06-24,38.21,40.16,40.68,37.52
2020-06-23,40.51,40.78,41.74,39.9
2020-06-22,40.73,39.02,40.77,39.0
2020-06-19,39.83,39.03,40.6,38.51
2020-06-18,39.05,38.0,39.17,37.4
2020-06-17,38.21,38.21,39.01,37.48
2020-06-16,38.65,37.38,39.36,36.67
2020-06-15,37.43,36.26,37.54,34.66
2020-06-12,36.51,36.46,37.22,34.74
2020-06-11,36.57,39.25,39.25,35.68
2020-06-10,39.78,38.72,40.07,37.98
2020-06-09,39.16,38.51,39.31,37.33
2020-06-08,38.43,39.67,40.69,38.24
2020-06-05,39.8,37.64,39.89,37.35
2020-06-04,37.72,37.06,37.91,36.71
2020-06-03,37.59,37.09,38.4,36.24
2020-06-02,37.06,35.94,37.29,35.64
2020-06-01,35.79,35.62,36.23,34.65
2020-05-29,35.84,34.06,36.11,32.76
2020-05-28,34.06,32.48,34.57,31.63
2020-05-27,33.23,34.54,34.7,32.2
2020-05-26,34.77,33.77,35.16,32.9
2020-05-25,33.92,32.92,34.18,32.72
2020-05-24,32.9,33.38,33.42,32.5
2020-05-22,33.65,34.41,34.48,31.28
2020-05-21,34.34,33.93,35.05,33.78
2020-05-20,33.94,32.41,34.22,32.11
2020-05-19,31.96,32.39,32.91,31.13
2020-05-18,31.65,29.81,33.1,29.55
2020-05-15,29.52,28.02,29.82,27.53
2020-05-14,27.88,25.97,28.27,25.56
2020-05-13,25.68,25.8,26.96,25.25
2020-05-12,26.33,25.39,26.87,25.15
2020-05-11,25.08,25.91,26.73,24.79
2020-05-08,26.17,24.81,26.29,24.73
2020-05-07,24.83,25.56,27.79,24.38
2020-05-06,25.62,27.45,27.98,24.55
2020-05-05,26.49,23.56,27.4,23.38
2020-05-04,22.78,21.87,23.79,20.84
2020-05-01,22.29,22.04,23.4,20.86
2020-04-30,21.85,19.33,22.3,19.15
2020-04-29,19.12,18.01,20.36,17.4
2020-04-28,17.6,18.24,19.66,17.27
2020-04-27,18.08,21.13,21.45,17.78
2020-04-24,21.22,21.85,22.96,20.73
2020-04-23,21.44,20.99,23.4,20.32
2020-04-22,20.69,20.26,22.79,17.43
2020-04-21,11.57,21.32,22.58,6.5
2020-04-20,20.43,24.76,24.92,20.19
2020-04-17,25.03,26.42,26.78,24.57
2020-04-16,25.53,26.26,27.0,24.93
2020-04-15,26.04,27.84,28.14,25.84
2020-04-14,27.4,29.2,29.95,27.25
2020-04-13,29.26,30.3,30.57,28.26
2020-04-09,28.82,30.82,33.15,28.63
2020-04-08,30.17,29.21,31.05,29.05
2020-04-07,28.69,30.21,31.3,28.53
2020-04-06,29.98,29.2,31.27,28.13
2020-04-03,30.9,27.34,31.62,26.53
2020-04-02,28.05,24.19,30.16,23.92
2020-04-01,23.74,24.18,24.72,23.63
2020-03-31,24.51,24.25,25.73,24.06
2020-03-30,24.09,24.68,25.01,23.31
2020-03-27,25.15,26.23,26.43,24.59
2020-03-26,25.71,27.04,27.46,25.47
2020-03-25,27.16,26.64,27.59,25.56
2020-03-24,26.2,25.87,27.28,25.44
2020-03-23,25.48,24.4,26.12,22.74
2020-03-20,22.63,25.59,28.49,22.39
2020-03-19,25.91,22.82,28.28,21.77
2020-03-18,20.83,27.3,27.6,20.52
2020-03-17,27.33,28.99,30.61,27.06
2020-03-16,29.0,32.69,33.8,28.5
2020-03-13,32.11,31.35,34.38,30.8
2020-03-12,31.98,33.43,34.05,30.5
2020-03-11,33.39,35.0,36.7,32.97
2020-03-10,34.73,30.75,35.35,30.58
2020-03-09,31.47,32.87,35.19,27.83
2020-03-06,41.51,46.22,46.53,41.29
2020-03-05,46.06,47.38,47.72,45.82
2020-03-04,46.95,47.1,48.56,46.82
2020-03-03,47.33,47.98,48.82,46.64
2020-03-02,46.92,43.93,47.71,43.4
2020-02-28,44.94,46.68,47.2,44.07
2020-02-27,47.29,48.7,48.9,46.1
2020-02-26,48.88,50.22,50.57,48.44
2020-02-25,50.06,51.5,52.15,49.85
2020-02-24,51.58,52.79,52.79,50.61
2020-02-21,53.5,53.93,54.02,52.72
2020-02-20,53.88,53.7,54.66,53.44
2020-02-19,53.49,52.36,53.87,52.16
2020-02-18,52.29,52.49,52.65,51.15
2020-02-17,52.2,52.34,52.59,52.05
2020-02-16,52.36,52.45,52.63,52.34
2020-02-14,52.32,51.73,52.56,51.55
2020-02-13,51.66,51.87,52.19,50.82
2020-02-12,51.41,50.16,51.93,50.16
2020-02-11,50.17,49.78,50.86,49.78
2020-02-10,49.78,50.34,50.71,49.63
2020-02-07,50.55,51.31,51.66,50.32
2020-02-06,51.14,51.35,52.34,50.42
2020-02-05,50.92,49.68,52.01,49.64
2020-02-04,49.8,50.04,51.7,49.5
2020-02-03,50.28,51.15,52.05,49.98
2020-01-31,51.68,52.97,53.42,51.09
2020-01-30,52.23,53.1,53.27,51.75
2020-01-29,53.41,54.0,54.39,52.87
2020-01-28,53.52,52.72,54.08,52.72
2020-01-27,53.18,53.57,53.72,52.16
2020-01-24,54.2,55.72,55.97,53.88
2020-01-23,55.61,56.13,56.43,54.82
2020-01-22,56.76,58.24,58.35,56.07
2020-01-21,58.38,59.35,59.77,57.71
2020-01-20,58.73,59.28,59.32,58.56
2020-01-19,59.27,59.36,59.66,59.2
2020-01-17,58.58,58.61,59.0,58.31
2020-01-16,58.53,58.12,58.88,57.6
2020-01-15,57.84,58.23,58.41,57.42
2020-01-14,58.26,58.06,58.73,57.74
2020-01-13,58.08,59.08,59.21,57.93
2020-01-10,58.99,59.51,59.67,58.79
2020-01-09,59.44,59.85,60.17,58.55
2020-01-08,59.46,62.63,65.4,58.99
2020-01-07,62.51,62.67,62.92,61.96
2020-01-06,63.04,63.43,64.45,62.43
2020-01-03,62.82,60.96,63.8,60.91
2020-01-02,60.95,61.29,61.32,60.42
2020-01-01,61.33,61.52,61.54,61.33
2019-12-31,60.77,61.41,61.61,60.43
2019-12-30,61.44,61.49,62.14,60.84
2019-12-27,61.53,61.51,61.76,61.06
2019-12-26,61.48,61.07,61.6,60.9
2019-12-25,61.19,61.45,61.52,61.17
2019-12-24,60.94,60.49,60.99,60.33
2019-12-23,60.35,60.19,60.59,59.95
2019-12-20,60.25,60.84,60.93,59.85
2019-12-19,61.18,60.81,61.4,60.69
2019-12-18,60.85,60.49,61.11,60.24
2019-12-17,60.87,60.16,60.97,59.97
2019-12-16,60.14,59.83,60.29,59.62
2019-12-13,59.98,59.26,60.39,59.19
2019-12-12,59.06,58.77,59.61,58.67
2019-12-11,58.65,58.98,59.1,58.02
2019-12-10,59.14,58.8,59.4,58.46
2019-12-09,58.92,59.03,59.14,58.18
2019-12-06,59.1,58.26,59.74,57.62
2019-12-05,58.34,58.3,59.0,58.01
2019-12-04,58.34,56.33,58.56,56.21
2019-12-03,56.03,56.0,56.72,55.32
2019-12-02,55.91,55.45,56.64,55.39
2019-11-29,55.14,58.08,58.24,55.01
2019-11-28,58.08,57.97,58.29,57.64
2019-11-27,58.05,58.2,58.6,57.46
2019-11-26,58.32,57.85,58.47,57.66
2019-11-25,57.91,57.83,58.02,57.12
2019-11-22,57.66,58.22,58.56,57.39
2019-11-21,58.41,56.91,58.5,56.46
2019-11-20,57.01,55.26,57.37,54.85
2019-11-19,55.35,57.0,57.21,55.16
2019-11-18,57.14,57.97,58.17,56.64
2019-11-15,57.83,57.01,58.09,56.53
2019-11-14,56.88,57.42,57.85,56.76
2019-11-13,57.2,56.83,57.6,56.27
2019-11-12,56.85,56.91,57.59,56.59
2019-11-11,56.9,57.38,57.4,56.28
2019-11-08,57.26,57.11,57.48,55.77
2019-11-07,57.15,56.37,57.85,56.31
2019-11-06,56.38,57.3,57.87,56.16
2019-11-05,57.29,56.6,57.55,56.36
2019-11-04,56.6,56.47,57.45,55.92
2019-11-01,56.27,54.19,56.39,54.14
2019-10-31,54.25,54.99,55.64,53.84
2019-10-30,55.1,55.62,55.88,54.58
2019-10-29,55.68,55.88,56.04,54.74
2019-10-28,55.9,56.7,56.99,55.68
2019-10-25,56.71,56.13,56.79,55.65
2019-10-24,56.27,55.9,56.55,55.46
2019-10-23,55.99,54.31,56.1,53.69
2019-10-22,54.48,53.6,54.81,53.23
2019-10-21,53.51,53.83,54.17,52.85
2019-10-18,53.87,54.2,54.69,53.44
2019-10-17,54.03,53.08,54.26,52.73
2019-10-16,53.45,52.98,53.82,52.6
2019-10-15,52.88,53.56,53.84,52.46
2019-10-14,53.65,54.97,54.99,52.86
2019-10-11,54.78,53.87,54.99,53.67
2019-10-10,53.56,52.61,53.98,51.4
2019-10-09,52.61,52.57,53.71,52.3
2019-10-08,52.62,52.7,53.22,51.78
2019-10-07,52.71,52.59,53.96,52.52
2019-10-04,52.74,52.19,53.26,51.98
2019-10-03,52.36,52.31,52.77,50.89
2019-10-02,52.51,53.85,54.28,52.05
2019-10-01,53.5,54.13,54.73,52.95
2019-09-30,53.98,56.39,56.4,53.89
2019-09-27,55.79,56.3,56.61,54.64
2019-09-26,56.28,56.55,56.65,55.25
2019-09-25,56.32,56.45,56.8,55.37
2019-09-24,57.08,58.21,58.26,56.47
2019-09-23,58.42,58.98,59.11,57.13
2019-09-20,58.09,58.69,59.24,57.93
2019-09-19,58.19,58.17,59.49,58.02
2019-09-18,58.04,58.62,59.27,57.58
2019-09-17,59.1,61.72,62.39,58.27
2019-09-16,62.67,60.16,63.89,58.62
2019-09-13,54.8,55.11,55.61,54.38
2019-09-12,55.05,55.85,56.28,53.93
2019-09-11,55.67,57.76,58.19,55.54
2019-09-10,57.29,57.91,58.64,57.09
2019-09-09,57.73,56.68,58.05,56.51
2019-09-06,56.43,56.01,56.84,54.75
2019-09-05,56.16,55.77,57.59,55.6
2019-09-04,56.1,53.75,56.39,53.65
2019-09-03,53.76,54.76,55.01,52.71
2019-09-02,54.66,54.81,55.22,54.36
2019-09-01,54.8,55.0,55.0,54.56
2019-08-30,54.89,56.32,56.46,54.34
2019-08-29,56.45,55.69,56.62,55.23
2019-08-28,55.6,55.54,56.51,55.15
2019-08-27,54.77,53.65,55.54,53.57
2019-08-26,53.5,53.16,55.06,52.84
2019-08-23,54.02,55.16,55.41,53.12
2019-08-22,55.16,55.7,56.23,54.7
2019-08-21,55.49,55.78,56.85,55.35
2019-08-20,56.13,56.13,56.6,55.16
2019-08-19,56.14,54.95,56.32,54.79
2019-08-16,54.81,54.61,55.62,54.22
2019-08-15,54.42,54.92,55.32,53.77
2019-08-14,55.25,56.73,56.84,54.0
2019-08-13,57.1,54.68,57.4,54.13
2019-08-12,54.85,54.22,55.05,53.46
2019-08-09,54.37,52.72,54.75,52.31
2019-08-08,52.46,52.24,52.97,51.84
2019-08-07,51.03,53.37,53.74,50.5
2019-08-06,53.59,54.8,55.28,53.28
2019-08-05,54.58,55.36,55.51,54.22
2019-08-02,55.67,54.83,56.09,54.22
2019-08-01,54.01,57.96,58.05,53.67
2019-07-31,58.63,58.42,58.86,57.85
2019-07-30,58.11,57.07,58.51,57.05
2019-07-29,56.96,56.31,57.19,55.94
2019-07-26,56.33,56.05,56.69,55.83
2019-07-25,56.16,56.0,57.11,55.94
2019-07-24,56.0,57.26,57.74,55.45
2019-07-23,56.85,56.28,57.54,55.82
2019-07-22,56.22,56.2,57.04,55.83
2019-07-19,55.76,55.84,56.49,55.12
2019-07-18,55.42,56.72,57.45,54.85
2019-07-17,56.92,57.65,58.49,56.36
2019-07-16,57.74,59.39,60.17,57.19
2019-07-15,59.68,60.36,60.99,59.3
2019-07-12,60.3,60.5,60.82,60.03
2019-07-11,60.28,60.5,61.02,60.22
2019-07-10,60.52,58.45,60.62,58.45
2019-07-09,57.94,57.69,59.0,57.42
2019-07-08,57.76,57.89,58.55,57.4
2019-07-05,57.59,57.51,57.88,56.38
2019-07-04,56.8,57.41,57.57,56.48
2019-07-03,57.44,56.59,57.57,56.13
2019-07-02,56.34,59.23,59.48,56.18
2019-07-01,59.14,59.14,60.32,58.4
2019-06-28,58.52,59.28,59.84,57.8
2019-06-27,59.49,59.3,59.76,58.66
2019-06-26,59.43,58.86,59.95,58.69
2019-06-25,57.89,57.8,58.86,57.24
2019-06-24,57.93,57.8,58.26,56.82
2019-06-21,57.5,57.3,58.04,56.71
2019-06-20,57.07,54.38,57.37,54.35
2019-06-19,53.97,54.3,54.65,53.5
2019-06-18,54.11,52.15,54.53,51.72
2019-06-17,52.17,52.71,53.0,51.82
2019-06-14,52.77,52.44,53.26,51.95
2019-06-13,52.54,51.31,53.67,51.18
2019-06-12,51.37,53.3,53.3,50.98
2019-06-11,53.52,53.6,54.25,53.18
2019-06-10,53.48,54.4,54.99,53.26
2019-06-07,54.16,53.24,54.45,52.77
2019-06-06,52.73,51.8,53.43,51.33
2019-06-05,51.83,53.01,53.56,50.79
2019-06-04,53.63,53.0,53.94,52.56
2019-06-03,53.38,53.54,54.73,52.22
2019-05-31,53.64,56.67,56.77,53.19
2019-05-30,56.74,59.21,59.8,56.49
2019-05-29,58.95,59.29,59.29,57.22
2019-05-28,59.35,59.01,59.7,58.26
2019-05-27,59.16,58.77,59.26,58.14
2019-05-26,58.77,58.94,59.0,58.67
2019-05-24,58.71,58.3,59.17,57.58
2019-05-23,57.99,61.35,61.48,57.42
2019-05-22,61.5,63.04,63.08,61.1
2019-05-21,63.13,63.3,63.78,62.78
2019-05-20,63.21,63.09,63.96,62.6
2019-05-17,62.92,63.3,63.82,62.7
2019-05-16,63.06,62.33,63.69,62.31
2019-05-15,62.24,61.56,62.57,61.05
2019-05-14,61.96,61.06,62.28,60.87
2019-05-13,61.21,61.8,63.48,60.81
2019-05-10,61.8,61.74,62.59,61.54
2019-05-09,61.81,62.13,62.32,61.05
2019-05-08,62.22,61.58,62.47,61.17
2019-05-07,61.51,62.15,62.59,60.77
2019-05-06,62.37,61.54,63.05,60.1
2019-05-03,62.04,61.63,62.61,61.39
2019-05-02,61.9,63.7,63.76,61.06
2019-05-01,63.69,63.53,64.01,62.88
2019-04-30,63.98,63.5,64.81,63.35
2019-04-29,63.57,62.98,63.76,62.56
2019-04-26,63.38,65.25,65.25,62.36
2019-04-25,65.28,65.85,66.3,64.98
2019-04-24,65.89,66.13,66.37,65.7
2019-04-23,66.24,65.75,66.44,65.55
2019-04-22,65.55,64.07,65.99,64.05
2019-04-18,64.07,63.85,64.24,63.55
2019-04-17,63.87,64.46,64.72,63.76
2019-04-16,64.19,63.72,64.5,63.15
2019-04-15,63.56,63.9,63.96,63.2
2019-04-12,64.02,63.81,64.7,63.74
2019-04-11,63.67,64.51,64.55,63.39
2019-04-10,64.65,64.2,64.71,64.01
2019-04-09,63.96,64.4,64.69,63.64
2019-04-08,64.33,63.37,64.4,63.18
2019-04-05,63.15,62.23,63.38,61.92
2019-04-04,62.19,62.56,62.84,61.99
2019-04-03,62.52,62.7,63.04,62.11
2019-04-02,62.61,61.92,62.8,61.71
2019-04-01,61.71,60.36,61.9,60.36
2019-03-29,60.28,59.67,60.87,59.6
2019-03-28,59.48,59.61,59.73,58.41
2019-03-27,59.61,60.16,60.35,59.01
2019-03-26,60.1,59.22,60.5,59.22
2019-03-25,59.08,59.24,59.58,58.45
2019-03-22,59.29,60.09,60.29,58.52
2019-03-21,60.2,60.25,60.61,59.92
2019-03-20,60.23,59.29,60.28,58.56
2019-03-19,59.29,59.31,59.86,58.89
2019-03-18,59.38,58.75,59.54,58.37
2019-03-15,58.82,58.82,59.25,58.03
2019-03-14,58.91,58.65,59.06,58.32
2019-03-13,58.59,57.4,58.8,57.34
2019-03-12,57.2,57.1,57.87,57.08
2019-03-11,57.12,56.43,57.35,56.32
2019-03-08,56.43,56.74,56.84,54.87
2019-03-07,57.03,56.57,57.37,56.48
2019-03-06,56.62,56.65,56.81,55.83
2019-03-05,56.94,56.93,57.56,56.47
2019-03-04,56.97,56.15,57.39,56.15
2019-03-01,56.19,57.6,58.26,55.97
2019-02-28,57.61,57.43,57.83,56.86
2019-02-27,57.37,56.35,57.83,56.18
2019-02-26,55.97,55.9,56.54,55.47
2019-02-25,55.92,57.62,58.0,55.55
2019-02-22,57.75,57.35,58.28,57.22
2019-02-21,57.46,57.66,58.04,57.14
2019-02-20,57.16,56.39,57.6,55.77
2019-02-19,56.45,56.15,56.73,55.66
2019-02-18,56.27,56.33,56.73,56.12
2019-02-17,56.33,56.17,56.39,56.11
2019-02-15,55.98,54.86,56.26,54.62
2019-02-14,54.79,54.31,55.08,53.51
2019-02-13,54.31,53.71,54.98,53.65
2019-02-12,53.47,52.78,54.41,52.67
2019-02-11,52.78,53.04,53.11,51.62
2019-02-08,53.09,52.96,53.35,52.44
2019-02-07,53.0,54.26,54.55,52.15
2019-02-06,54.34,54.05,54.64,53.21
2019-02-05,54.0,55.13,55.53,53.83
2019-02-04,54.89,55.6,56.05,53.62
2019-02-01,55.55,54.44,55.92,53.64
2019-01-31,54.04,54.44,55.61,53.87
2019-01-30,54.47,53.54,55.17,53.39
2019-01-29,53.6,52.37,54.21,52.14
2019-01-28,52.29,53.91,53.91,51.62
2019-01-25,53.98,53.45,54.21,53.19
2019-01-24,53.42,52.76,53.73,52.36
2019-01-23,52.92,53.28,53.92,52.15
2019-01-22,53.01,53.95,54.51,52.04
2019-01-21,54.24,53.66,54.48,53.58
2019-01-20,53.65,53.97,54.05,53.59
2019-01-18,54.04,52.53,54.14,52.37
2019-01-17,52.36,52.6,52.88,51.29
2019-01-16,52.61,52.29,52.81,51.55
2019-01-15,52.39,51.08,52.58,50.93
2019-01-14,50.8,52.03,52.42,50.66
2019-01-11,51.91,52.61,53.61,51.48
2019-01-10,52.91,52.5,53.09,51.72
2019-01-09,52.69,50.16,52.87,50.05
2019-01-08,50.11,49.09,50.25,48.62
2019-01-07,48.82,48.61,50.11,48.44
2019-01-04,48.28,47.17,49.53,46.97
2019-01-03,47.4,46.56,47.81,45.7
2019-01-02,46.86,46.12,48.1,44.67
2019-01-01,45.89,45.77,45.95,45.73
2018-12-31,45.72,45.43,46.8,45.03
2018-12-28,45.6,45.73,46.5,44.7
2018-12-27,44.9,46.87,47.01,44.65
2018-12-26,46.54,43.07,47.31,42.81
2018-12-25,43.16,43.0,43.25,42.88
2018-12-24,42.82,45.74,46.51,42.67
2018-12-21,45.89,46.53,47.06,45.4
2018-12-20,46.19,47.77,47.84,46.0
2018-12-19,48.17,46.31,48.36,46.3
2018-12-18,46.6,49.46,49.9,46.11
2018-12-17,50.2,51.52,52.15,49.32
2018-12-14,51.47,53.04,53.19,51.11
2018-12-13,52.83,51.43,53.5,50.6
2018-12-12,51.36,52.14,53.06,51.16
2018-12-11,51.84,51.1,52.61,50.89
2018-12-10,51.2,52.21,53.01,50.73
2018-12-07,52.81,51.98,54.44,50.83
2018-12-06,51.7,53.15,53.53,50.31
2018-12-05,53.12,52.79,54.67,52.37
2018-12-04,53.46,53.31,54.77,52.67
2018-12-03,53.14,51.93,54.0,51.93
2018-11-30,51.09,51.31,51.95,49.83
2018-11-29,51.62,50.48,52.34,49.6
2018-11-28,50.49,52.3,52.7,50.27
2018-11-27,51.73,51.72,52.53,50.49
2018-11-26,51.8,50.71,52.41,50.25
2018-11-23,50.59,54.8,55.0,50.33
2018-11-22,54.02,54.64,54.82,53.53
2018-11-21,54.8,53.52,55.98,53.52
2018-11-20,53.57,57.51,57.56,52.94
2018-11-19,57.2,57.03,57.58,55.28
2018-11-16,56.68,56.78,58.16,56.12
2018-11-15,56.68,56.24,57.48,55.8
2018-11-14,56.44,55.49,57.55,55.3
2018-11-13,55.84,59.03,59.51,54.9
2018-11-12,60.08,60.85,61.44,58.83
2018-11-09,60.36,60.92,60.98,59.45
2018-11-08,60.86,61.82,62.56,60.6
2018-11-07,61.82,61.87,63.34,61.36
2018-11-06,62.34,62.84,63.42,61.45
2018-11-05,63.21,63.02,64.24,62.67
2018-11-02,63.28,63.66,64.09,62.77
2018-11-01,63.81,65.03,65.53,63.23
2018-10-31,65.44,66.41,67.14,64.95
2018-10-30,66.31,66.81,67.41,65.51
2018-10-29,67.21,67.66,68.09,66.48
2018-10-26,67.75,67.1,67.99,66.34
2018-10-25,67.44,66.47,67.76,66.15
2018-10-24,66.96,66.32,67.84,66.22
2018-10-23,66.62,69.61,69.76,65.94
2018-10-22,69.36,69.6,69.84,68.46
2018-10-19,69.28,68.76,69.9,68.62
2018-10-18,68.71,69.94,69.99,68.53
2018-10-17,69.7,72.07,72.29,69.38
2018-10-16,71.76,71.54,72.14,70.87
2018-10-15,71.61,71.66,72.53,70.7
2018-10-12,71.18,70.89,71.89,70.47
2018-10-11,70.81,72.54,72.63,70.37
2018-10-10,73.03,74.65,74.94,72.27
2018-10-09,74.81,74.14,75.16,73.91
2018-10-08,74.17,74.4,74.49,72.98
2018-10-05,74.26,74.5,75.14,73.76
2018-10-04,74.25,76.05,76.31,73.8
2018-10-03,76.24,74.95,76.72,74.05
2018-10-02,75.04,75.12,75.72,74.78
2018-10-01,75.14,73.07,75.58,72.77
2018-09-28,73.06,72.02,73.56,71.75
2018-09-27,71.96,71.86,72.42,71.57
2018-09-26,71.41,71.91,72.21,71.31
2018-09-25,72.1,71.94,72.46,71.7
2018-09-24,71.76,70.75,72.24,70.68
2018-09-21,70.37,69.99,71.38,69.62
2018-09-20,70.32,70.98,71.35,70.03
2018-09-19,70.77,69.46,71.07,69.36
2018-09-18,69.59,68.58,70.17,68.29
2018-09-17,68.68,68.7,69.5,68.31
2018-09-14,68.77,68.63,69.7,67.79
2018-09-13,68.41,70.02,70.04,68.16
2018-09-12,70.16,69.61,70.89,69.24
2018-09-11,69.04,67.41,69.74,67.37
2018-09-10,67.41,67.64,68.33,67.19
2018-09-07,67.55,67.66,67.85,66.67
2018-09-06,67.52,68.34,68.72,66.72
2018-09-05,68.42,69.09,69.27,68.27
2018-09-04,69.56,69.49,70.98,68.78
2018-09-03,70.12,69.91,70.2,69.54
2018-09-02,69.92,69.91,69.99,69.88
2018-08-31,69.37,69.64,69.91,69.22
2018-08-30,69.81,69.37,70.07,69.21
2018-08-29,69.17,68.23,69.39,68.04
2018-08-28,68.22,68.6,68.85,67.91
2018-08-27,68.54,68.2,68.62,68.02
2018-08-24,68.36,67.58,68.96,67.47
2018-08-23,67.53,67.72,67.75,67.01
2018-08-22,67.51,65.72,67.78,65.63
2018-08-21,65.84,65.44,66.49,65.31
2018-08-20,65.42,65.21,65.62,64.85
2018-08-17,65.21,64.85,65.76,64.69
2018-08-16,64.88,64.35,64.95,63.89
2018-08-15,64.46,65.92,66.22,63.93
2018-08-14,66.33,66.75,67.72,65.9
2018-08-13,66.57,67.07,67.19,65.09
2018-08-10,66.94,66.06,67.17,65.49
2018-08-09,66.14,65.95,66.75,65.87
2018-08-08,66.25,68.26,68.55,65.64
2018-08-07,68.33,67.89,68.86,67.77
2018-08-06,67.94,67.55,68.73,67.38
2018-08-03,67.35,67.69,67.94,66.68
2018-08-02,67.66,66.63,68.05,65.82
2018-08-01,66.5,67.34,67.47,66.19
2018-07-31,67.63,68.83,68.95,66.97
2018-07-30,68.95,67.86,69.19,67.81
2018-07-27,67.73,68.43,68.63,67.38
2018-07-26,68.43,68.05,68.64,67.73
2018-07-25,68.01,67.43,68.23,66.97
2018-07-24,67.19,66.68,67.64,66.44
2018-07-23,66.75,66.59,67.64,66.26
2018-07-20,68.26,68.03,68.91,67.69
2018-07-19,68.24,67.96,68.79,66.62
2018-07-18,67.75,66.72,68.01,66.29
2018-07-17,67.16,67.11,67.61,66.35
2018-07-16,67.07,69.52,69.78,66.7
2018-07-13,69.95,69.38,70.6,68.76
2018-07-12,69.35,69.21,69.81,68.09
2018-07-11,68.86,72.67,72.76,68.4
2018-07-10,72.56,72.19,72.98,72.08
2018-07-09,71.98,71.59,72.18,71.13
2018-07-06,71.57,70.86,71.68,69.93
2018-07-05,70.63,71.68,72.34,70.35
2018-07-04,74.13,74.62,74.76,73.52
2018-07-03,71.59,71.75,72.85,70.43
2018-07-02,71.62,72.0,72.4,70.74
2018-06-29,72.46,71.66,72.8,71.33
2018-06-28,71.81,70.7,72.31,70.69
2018-06-27,71.26,69.46,71.48,69.28
2018-06-26,69.28,67.23,69.58,66.77
2018-06-25,67.04,67.55,67.76,66.81
2018-06-22,67.63,65.14,68.25,64.99
2018-06-21,64.86,64.9,65.56,63.9
2018-06-20,65.71,64.93,66.35,64.79
2018-06-19,64.9,65.7,65.74,64.23
2018-06-18,65.69,64.22,65.82,63.4
2018-06-15,64.85,66.82,66.89,64.09
2018-06-14,66.69,66.49,67.03,66.18
2018-06-13,66.52,65.94,66.78,65.44
2018-06-12,66.28,66.03,66.62,65.8
2018-06-11,66.03,65.5,66.28,64.79
2018-06-08,65.67,65.95,66.16,65.1
2018-06-07,65.89,65.03,66.03,64.78
2018-06-06,64.7,65.43,65.91,64.22
2018-06-05,65.46,64.93,65.49,64.15
2018-06-04,64.68,65.65,65.99,64.54
2018-06-01,65.77,66.96,67.19,65.48
2018-05-31,66.91,68.1,68.15,66.44
2018-05-30,68.08,66.7,68.52,66.25
2018-05-29,66.62,67.29,67.42,65.72
2018-05-28,67.05,67.39,67.41,65.81
2018-05-27,67.36,67.44,67.48,67.02
2018-05-25,67.78,70.53,70.67,67.33
2018-05-24,70.58,71.76,71.85,70.4
2018-05-23,71.71,71.93,72.05,70.99
2018-05-22,72.2,72.62,72.9,71.82
2018-05-21,72.35,71.5,72.68,71.32
2018-05-18,71.37,71.64,71.86,71.09
2018-05-17,71.57,71.62,72.37,71.22
2018-05-16,71.56,71.14,71.67,70.75
2018-05-15,71.37,71.22,71.95,70.48
2018-05-14,70.99,70.5,71.24,70.24
2018-05-11,70.68,71.39,71.56,70.44
2018-05-10,71.31,71.15,71.8,70.5
2018-05-09,71.05,69.97,71.28,69.79
2018-05-08,68.97,69.93,70.3,67.57
2018-05-07,70.62,69.69,70.73,69.42
2018-05-04,69.58,68.31,69.82,67.97
2018-05-03,68.26,67.57,68.43,67.1
2018-05-02,67.77,67.34,67.96,66.8
2018-05-01,67.13,68.51,68.78,66.77
2018-04-30,68.48,68.04,69.25,67.09
2018-04-27,67.98,68.08,68.24,67.53
2018-04-26,68.08,67.89,68.66,67.64
2018-04-25,67.92,67.64,68.03,66.97
2018-04-24,67.57,68.78,69.19,67.38
2018-04-23,68.47,68.05,68.85,67.02
2018-04-20,68.4,68.22,68.66,67.49
2018-04-19,68.33,68.73,69.55,68.0
2018-04-18,68.47,66.69,68.9,66.54
2018-04-17,66.51,66.4,66.72,65.59
2018-04-16,66.2,67.29,67.68,66.09
2018-04-13,67.33,67.11,67.63,66.59
2018-04-12,66.95,66.69,67.22,65.94
2018-04-11,66.74,65.42,67.38,65.09
2018-04-10,65.44,63.31,65.77,63.18
2018-04-09,63.43,62.03,63.62,62.01
2018-04-06,62.1,63.77,63.77,61.86
2018-04-05,63.54,63.63,64.1,63.06
2018-04-04,63.33,63.53,63.61,62.06
2018-04-03,63.46,62.82,63.8,62.82
2018-04-02,62.99,64.84,65.35,62.8
2018-03-29,64.87,64.7,65.19,64.12
2018-03-28,64.35,64.65,65.08,63.68
2018-03-27,65.18,65.41,66.27,64.49
2018-03-26,65.41,65.81,66.37,64.94
2018-03-23,65.71,64.2,65.82,63.98
2018-03-22,64.18,65.29,65.52,64.0
2018-03-21,64.95,63.53,65.35,63.35
2018-03-20,63.54,62.2,63.98,62.13
2018-03-19,62.13,62.3,62.44,61.45
2018-03-16,62.41,61.24,62.6,61.14
2018-03-15,61.25,61.0,61.6,60.86
2018-03-14,61.02,60.88,61.34,60.18
2018-03-13,60.75,61.33,61.97,60.29
2018-03-12,61.33,61.95,62.22,60.63
2018-03-09,61.92,60.26,62.04,60.08
2018-03-08,60.06,61.22,61.25,59.91
2018-03-07,61.02,62.13,62.46,60.48
2018-03-06,62.45,62.43,63.05,62.03
2018-03-05,62.39,61.37,62.61,60.94
2018-03-02,61.09,61.2,61.41,59.99
2018-03-01,60.8,61.39,61.64,60.02
2018-02-28,61.47,62.7,63.29,61.2
2018-02-27,62.9,63.85,63.92,62.52
2018-02-26,63.77,63.47,64.07,62.91
2018-02-23,63.41,62.44,63.54,62.16
2018-02-22,62.6,61.17,62.87,60.61
2018-02-21,61.52,61.38,61.67,60.72
2018-02-20,61.79,61.51,62.65,61.43
2018-02-19,62.38,61.71,62.49,61.67
2018-02-18,61.72,61.51,61.74,61.51
2018-02-16,61.55,61.28,61.87,60.76
2018-02-15,61.17,60.55,61.46,59.59
2018-02-14,60.51,58.88,60.79,58.09
2018-02-13,59.03,59.24,59.53,58.23
2018-02-12,59.08,58.77,60.61,58.77
2018-02-09,58.99,60.3,60.6,57.9
2018-02-08,60.94,61.45,61.82,60.09
2018-02-07,61.55,63.63,63.86,61.07
2018-02-06,63.11,63.15,63.94,62.8
2018-02-05,63.83,64.69,64.97,63.12
2018-02-02,65.07,65.78,66.0,64.17
2018-02-01,65.55,64.53,65.96,64.43
2018-01-31,64.56,63.68,64.73,63.54
2018-01-30,64.35,65.39,65.39,63.78
2018-01-29,65.39,66.01,66.23,64.81
2018-01-26,65.97,65.18,66.17,64.77
2018-01-25,65.37,65.65,66.39,64.96
2018-01-24,65.36,64.25,65.79,64.18
2018-01-23,64.31,63.85,64.69,63.56
2018-01-22,63.57,63.5,64.13,63.05
2018-01-19,63.31,63.68,63.73,62.78
2018-01-18,63.89,64.0,64.28,63.44
2018-01-17,63.92,63.82,64.14,63.25
2018-01-16,63.67,64.33,64.83,63.34
2018-01-15,64.73,64.28,64.89,64.11
2018-01-14,64.28,64.42,64.44,64.19
2018-01-12,64.23,63.5,64.41,62.98
2018-01-11,63.68,63.34,64.53,63.27
2018-01-10,63.42,63.31,63.54,62.95
2018-01-09,62.87,61.89,63.36,61.78
2018-01-08,61.72,61.59,61.93,61.35
2018-01-05,61.41,61.8,61.96,61.07
2018-01-04,61.9,61.83,62.05,61.49
2018-01-03,61.55,60.37,61.83,60.28
2018-01-02,60.38,60.21,60.75,60.14
2018-01-01,60.24,60.26,60.28,60.15
2017-12-29,60.44,59.94,60.53,59.86
2017-12-28,59.87,59.58,59.97,59.47
2017-12-27,59.69,59.83,59.95,59.35
2017-12-26,60.0,58.48,60.04,58.39
2017-12-25,58.59,58.41,58.62,58.38
2017-12-22,58.54,58.22,58.57,57.93
2017-12-21,58.4,58.05,58.42,57.68
2017-12-20,58.13,57.68,58.16,57.49
2017-12-19,57.56,57.34,57.8,57.2
2017-12-18,57.22,57.4,57.81,56.88
2017-12-15,57.33,57.19,57.51,56.99
2017-12-14,57.08,56.67,57.27,56.11
2017-12-13,56.59,57.43,57.81,56.53
2017-12-12,57.16,58.11,58.6,56.89
2017-12-11,58.05,57.32,58.12,57.0
2017-12-08,57.44,56.7,57.83,56.61
2017-12-07,56.75,56.09,56.83,55.88
2017-12-06,56.03,57.53,57.63,55.95
2017-12-05,57.67,57.51,57.97,57.11
2017-12-04,57.49,58.44,58.44,57.37
2017-12-01,58.38,57.38,58.9,57.35
2017-11-30,57.45,57.45,58.03,56.89
2017-11-29,57.36,57.84,58.34,56.82
2017-11-28,58.05,57.99,58.15,57.5
2017-11-27,58.16,58.92,58.93,57.6
2017-11-24,58.91,58.01,58.99,57.74
2017-11-23,58.38,57.97,58.58,57.76
2017-11-22,58.02,57.26,58.13,57.1
2017-11-21,56.92,56.51,57.29,56.43
2017-11-20,56.42,56.8,56.93,55.75
2017-11-17,56.71,55.46,56.82,55.39
2017-11-16,55.35,55.51,55.83,55.15
2017-11-15,55.52,55.25,55.74,55.08
2017-11-14,55.89,56.96,56.98,55.0
2017-11-13,56.97,57.16,57.37,56.52
2017-11-10,56.98,57.26,57.57,56.79
2017-11-09,57.39,57.07,57.76,56.92
2017-11-08,57.05,57.22,58.14,56.65
2017-11-07,57.43,57.49,57.9,57.06
2017-11-06,57.57,56.2,57.83,55.88
2017-11-03,55.86,54.92,55.97,54.63
2017-11-02,54.77,54.52,55.04,54.19
2017-11-01,54.51,54.86,55.42,54.11
2017-10-31,54.59,54.29,55.05,54.15
2017-10-30,54.37,54.35,54.64,53.96
2017-10-27,54.09,53.01,54.36,52.46
2017-10-26,52.86,52.43,53.06,52.16
2017-10-25,52.43,52.75,52.77,52.13
2017-10-24,52.67,52.08,52.82,51.73
2017-10-23,52.08,52.29,52.48,51.86
2017-10-20,51.84,51.59,52.09,50.87
2017-10-19,51.51,52.26,52.39,51.28
2017-10-18,52.26,52.17,52.56,51.92
2017-10-17,52.11,52.2,52.51,51.48
2017-10-16,52.14,51.7,52.65,51.63
2017-10-13,51.73,51.07,52.03,51.02
2017-10-12,50.93,51.29,51.42,50.48
2017-10-11,51.6,51.24,51.69,50.91
2017-10-10,51.23,49.87,51.38,49.87
2017-10-09,49.93,49.65,50.13,49.48
2017-10-06,49.65,51.11,51.17,49.44
2017-10-05,51.15,50.2,51.53,50.19
2017-10-04,50.32,50.5,50.96,50.11
2017-10-03,50.74,50.92,51.04,50.45
2017-10-02,50.9,51.84,51.98,50.39
2017-09-29,51.95,51.94,52.08,51.59
2017-09-28,51.87,52.35,53.11,51.51
2017-09-27,52.43,52.4,52.62,51.93
2017-09-26,52.19,52.36,52.7,51.72
2017-09-25,52.52,51.06,52.56,50.77
2017-09-22,51.03,51.12,51.13,50.68
2017-09-21,50.93,51.04,51.13,50.45
2017-09-20,50.69,50.27,51.11,50.13
2017-09-19,49.9,50.38,50.82,49.73
2017-09-18,50.35,50.39,50.85,49.68
2017-09-15,50.44,50.19,50.61,49.88
2017-09-14,50.35,49.76,50.88,49.57
2017-09-13,49.75,48.85,49.84,48.61
2017-09-12,48.75,48.71,48.96,48.28
2017-09-11,48.62,48.15,48.78,47.59
2017-09-08,48.06,49.53,49.69,47.83
2017-09-07,49.53,49.59,49.77,49.1
2017-09-06,49.62,49.04,49.84,48.96
2017-09-05,49.14,48.0,49.42,47.72
2017-09-04,47.41,47.31,47.66,47.16
2017-09-03,47.32,47.31,47.42,47.3
2017-09-01,47.99,47.87,48.03,47.39
2017-08-31,47.96,46.51,48.12,46.14
2017-08-30,46.51,46.88,47.31,46.41
2017-08-29,47.0,47.23,47.32,46.35
2017-08-28,46.96,48.23,48.47,46.58
2017-08-25,48.12,47.88,48.16,47.67
2017-08-24,47.7,48.58,48.63,47.32
2017-08-23,48.62,47.83,48.69,47.73
2017-08-22,47.83,47.59,48.21,47.36
2017-08-21,47.53,48.89,48.91,47.21
2017-08-18,48.66,47.08,48.9,46.93
2017-08-17,47.24,46.95,47.34,46.62
2017-08-16,46.94,47.9,48.13,46.84
2017-08-15,47.7,47.63,48.05,47.16
2017-08-14,47.73,48.93,49.31,47.57
2017-08-11,48.97,48.69,49.13,48.14
2017-08-10,48.75,49.79,50.35,48.51
2017-08-09,49.72,49.12,49.87,49.06
2017-08-08,49.35,49.48,49.94,49.04
2017-08-07,49.57,49.72,49.87,48.7
2017-08-04,49.73,49.12,49.78,48.66
2017-08-03,49.19,49.74,50.09,48.95
2017-08-02,49.73,49.0,49.78,48.7
2017-08-01,49.29,50.3,50.51,48.49
2017-07-31,50.26,49.97,50.49,49.3
2017-07-28,49.81,49.27,49.9,49.0
2017-07-27,49.17,48.79,49.36,48.35
2017-07-26,48.85,48.64,48.98,47.98
2017-07-25,48.02,46.63,48.78,46.53
2017-07-24,46.51,45.78,46.68,45.58
2017-07-21,45.95,47.02,47.38,45.73
2017-07-20,46.92,47.27,47.74,46.81
2017-07-19,47.32,46.48,47.46,46.32
2017-07-18,46.59,46.17,47.14,46.02
2017-07-17,46.23,46.89,47.08,46.1
2017-07-14,46.75,46.26,46.93,45.97
2017-07-13,46.25,45.62,46.43,45.16
2017-07-12,45.66,45.9,46.65,45.28
2017-07-11,45.23,44.76,45.98,44.03
2017-07-10,44.6,44.5,45.03,43.83
2017-07-07,44.39,45.56,45.61,43.96
2017-07-06,45.7,45.87,46.73,45.37
2017-07-05,45.34,47.25,47.52,44.73
2017-07-04,47.13,47.06,47.31,46.74
2017-07-03,47.29,46.51,47.32,46.14
2017-06-30,46.29,45.16,46.59,45.14
2017-06-29,45.2,45.12,45.7,44.91
2017-06-28,44.99,43.89,45.14,43.89
2017-06-27,44.49,43.65,44.7,43.55
2017-06-26,43.61,43.38,43.9,42.87
2017-06-23,43.27,42.99,43.46,42.76
2017-06-22,42.97,42.72,43.54,42.49
2017-06-21,42.75,43.61,44.43,42.27
2017-06-20,43.51,44.33,44.69,42.94
2017-06-19,44.43,44.89,45.28,44.26
2017-06-16,44.97,44.46,45.18,44.46
2017-06-15,44.68,44.9,45.03,44.45
2017-06-14,44.93,46.13,46.68,44.74
2017-06-13,46.67,46.22,46.77,45.79
2017-06-12,46.08,45.8,46.71,45.66
2017-06-09,45.83,45.71,46.18,45.27
2017-06-08,45.64,45.85,46.18,45.2
2017-06-07,45.72,47.98,48.23,45.65
2017-06-06,48.19,47.4,48.4,46.94
2017-06-05,47.4,47.71,48.42,46.86
2017-06-02,47.87,48.26,48.42,46.98
2017-06-01,48.6,48.84,49.4,48.15
2017-05-31,48.56,49.88,49.95,47.98
2017-05-30,49.91,50.23,50.53,49.27
2017-05-29,49.97,49.95,50.29,49.52
2017-05-28,49.94,49.93,50.04,49.85
2017-05-26,50.05,49.0,50.18,48.44
2017-05-25,49.14,51.47,52.22,48.7
2017-05-24,51.59,51.71,52.1,51.26
2017-05-23,51.72,51.29,52.04,50.85
2017-05-22,51.13,50.93,51.43,50.75
2017-05-19,50.67,49.67,50.9,49.6
2017-05-18,49.66,49.25,49.93,48.38
2017-05-17,49.41,48.53,49.84,48.37
2017-05-16,49.0,49.12,49.69,48.51
2017-05-15,49.16,48.19,49.97,48.08
2017-05-12,48.17,48.15,48.44,47.7
2017-05-11,48.2,47.81,48.58,47.73
2017-05-10,47.7,46.55,48.13,46.4
2017-05-09,46.27,46.92,47.17,45.92
2017-05-08,46.84,46.69,47.38,46.11
2017-05-05,46.6,45.89,47.04,44.13
2017-05-04,45.9,47.96,48.11,45.67
2017-05-03,48.18,48.52,48.57,47.65
2017-05-02,47.99,49.09,49.6,47.69
2017-05-01,49.16,49.47,49.61,48.89
2017-04-28,49.62,49.59,50.09,49.12
2017-04-27,49.31,49.52,49.76,48.55
2017-04-26,49.96,49.71,50.52,49.29
2017-04-25,49.56,49.22,49.83,48.87
2017-04-24,49.23,49.68,50.22,49.03
2017-04-21,49.62,50.71,50.93,49.2
2017-04-20,50.27,50.63,50.97,50.18
2017-04-19,50.44,52.36,52.65,50.09
2017-04-18,52.41,52.75,52.85,52.1
2017-04-17,52.65,52.97,53.21,52.55
2017-04-13,53.18,52.85,53.39,52.82
2017-04-12,53.11,53.4,53.76,52.71
2017-04-11,53.4,53.13,53.45,52.7
2017-04-10,53.08,52.31,53.18,52.29
2017-04-07,52.24,51.7,52.94,51.49
2017-04-06,51.7,50.8,51.82,50.77
2017-04-05,51.15,51.18,51.88,50.74
2017-04-04,51.03,50.24,51.3,49.88
2017-04-03,50.24,50.69,50.83,50.12
2017-03-31,50.6,50.32,50.85,49.9
2017-03-30,50.35,49.6,50.47,49.27
2017-03-29,49.51,48.47,49.63,48.38
2017-03-28,48.37,47.89,48.74,47.8
2017-03-27,47.73,48.12,48.28,47.08
2017-03-24,47.97,47.67,48.2,47.54
2017-03-23,47.7,48.15,48.48,47.58
2017-03-22,48.04,48.16,48.32,47.01
2017-03-21,47.34,47.93,48.73,47.23
2017-03-20,48.22,48.7,48.74,47.84
2017-03-17,48.78,48.79,49.2,48.6
2017-03-16,48.75,49.01,49.62,48.45
2017-03-15,48.86,48.76,49.04,48.16
2017-03-14,47.72,48.45,48.79,47.09
2017-03-13,48.4,48.45,48.68,47.9
2017-03-10,48.49,49.61,50.11,48.31
2017-03-09,49.28,50.22,50.84,48.59
2017-03-08,50.28,52.79,52.92,50.05
2017-03-07,53.14,53.17,53.8,52.71
2017-03-06,53.2,53.19,53.56,52.76
2017-03-03,53.33,52.58,53.39,52.55
2017-03-02,52.61,53.69,53.8,52.54
2017-03-01,53.83,53.95,54.44,53.63
2017-02-28,54.01,54.04,54.23,53.18
2017-02-27,54.05,54.02,54.61,53.94
2017-02-24,53.99,54.33,54.51,53.76
2017-02-23,54.45,53.91,54.94,53.87
2017-02-22,53.59,54.26,54.6,53.35
2017-02-21,54.06,53.48,54.68,53.35
2017-02-20,53.97,53.78,54.24,53.73
2017-02-19,53.79,53.86,53.96,53.78
2017-02-17,53.4,53.47,53.52,52.88
2017-02-16,53.36,53.01,53.59,52.68
2017-02-15,53.11,53.0,53.51,52.73
2017-02-14,53.2,52.91,53.72,52.86
2017-02-13,52.93,53.8,53.95,52.77
2017-02-10,53.86,53.15,54.13,52.9
2017-02-09,53.0,52.37,53.21,52.37
2017-02-08,52.34,51.64,52.67,51.22
2017-02-07,52.17,53.14,53.24,51.63
2017-02-06,53.01,53.81,54.13,52.91
2017-02-03,53.83,53.68,54.22,53.4
2017-02-02,53.54,53.57,54.34,53.35
2017-02-01,53.88,52.76,53.91,52.64
2017-01-31,52.81,52.6,53.56,52.24
2017-01-30,52.63,53.15,53.46,52.41
2017-01-27,53.17,53.74,54.08,52.58
2017-01-26,53.78,52.96,54.06,52.79
2017-01-25,52.75,52.95,53.47,52.56
2017-01-24,53.18,52.86,53.56,52.67
2017-01-23,52.75,53.33,53.47,52.21
2017-01-20,52.42,51.45,52.9,51.39
2017-01-19,51.37,51.39,51.87,51.02
2017-01-18,51.08,52.52,52.79,50.91
2017-01-17,52.48,52.55,53.52,52.12
2017-01-16,52.52,52.46,52.72,52.13
2017-01-15,52.45,52.53,52.56,52.39
2017-01-13,52.37,53.05,53.17,52.27
2017-01-12,53.01,52.37,53.5,52.12
2017-01-11,52.25,50.81,52.78,50.75
2017-01-10,50.82,51.83,52.37,50.71
2017-01-09,51.96,53.75,53.83,51.76
2017-01-06,53.99,53.73,54.32,53.32
2017-01-05,53.76,53.39,54.12,52.79
2017-01-04,53.26,52.49,53.43,52.15
2017-01-03,52.33,54.2,55.24,52.11
2017-01-02,54.03,54.09,54.18,54.01
2016-12-30,53.72,53.87,54.09,53.41
2016-12-29,53.77,53.66,54.21,53.46
2016-12-28,54.06,53.93,54.37,53.56
2016-12-27,53.9,53.29,54.1,53.03
2016-12-26,53.19,53.33,53.34,53.14
2016-12-23,53.02,52.68,53.28,52.26
2016-12-22,52.95,52.52,53.19,52.08
2016-12-21,52.49,53.56,53.79,52.32
2016-12-20,52.23,52.11,52.7,51.85
2016-12-19,52.12,52.15,52.52,51.51
2016-12-16,51.9,51.1,52.08,50.5
2016-12-15,50.9,50.79,51.48,49.95
2016-12-14,51.04,52.45,52.78,50.67
2016-12-13,52.98,52.51,53.41,52.35
2016-12-12,52.83,52.58,54.51,52.18
2016-12-09,51.5,50.92,51.66,50.86
2016-12-08,50.84,49.88,50.98,49.61
2016-12-07,49.77,50.93,51.2,49.72
2016-12-06,50.93,50.97,51.6,50.28
2016-12-05,51.79,51.46,52.42,50.93
2016-12-02,51.68,51.01,51.73,50.18
2016-12-01,51.06,49.07,51.8,48.98
2016-11-30,49.44,45.24,49.9,45.22
2016-11-29,45.23,46.88,46.98,44.82
2016-11-28,47.08,45.43,47.65,45.14
2016-11-25,46.06,47.97,48.26,45.88
2016-11-24,47.98,48.03,48.26,47.8
2016-11-23,47.96,47.94,48.43,47.4
2016-11-22,48.03,48.37,49.2,47.17
2016-11-21,47.49,45.83,47.8,45.77
2016-11-18,45.69,44.93,45.77,44.55
2016-11-17,45.42,45.37,46.58,44.88
2016-11-16,45.57,45.77,46.41,45.03
2016-11-15,45.81,43.76,46.09,43.55
2016-11-14,43.32,43.2,43.81,42.2
2016-11-11,43.41,44.35,44.63,43.03
2016-11-10,44.66,45.31,45.64,44.25
2016-11-09,45.27,44.82,45.95,43.07
2016-11-08,44.98,44.97,45.39,44.41
2016-11-07,44.89,44.45,45.01,44.11
2016-11-04,44.07,44.63,44.87,43.57
2016-11-03,44.66,45.48,45.9,44.37
2016-11-02,45.34,46.32,46.47,44.96
2016-11-01,46.67,46.77,47.35,46.2
2016-10-31,46.86,48.25,48.74,46.63
2016-10-28,48.7,49.61,49.81,48.42
2016-10-27,49.72,49.22,50.06,49.0
2016-10-26,49.18,49.31,50.1,48.87
2016-10-25,49.96,50.49,50.93,49.27
2016-10-24,50.52,50.85,50.98,49.62
2016-10-21,50.85,50.66,51.02,50.21
2016-10-20,50.43,51.4,51.58,50.25
2016-10-19,51.6,50.77,51.93,50.69
2016-10-18,50.29,50.04,50.78,49.76
2016-10-17,49.94,50.23,50.58,49.47
2016-10-14,50.35,50.58,51.14,49.9
2016-10-13,50.44,50.0,50.59,49.36
2016-10-12,50.18,50.84,51.17,49.89
2016-10-11,50.79,51.1,51.54,50.39
2016-10-10,51.35,49.57,51.6,49.15
2016-10-07,49.81,50.59,50.74,49.4
2016-10-06,50.44,49.65,50.63,49.33
2016-10-05,49.83,49.26,49.97,49.1
2016-10-04,48.69,48.65,49.26,48.26
2016-10-03,48.81,48.04,49.02,47.78
2016-09-30,48.24,47.76,48.3,47.04
2016-09-29,47.83,47.2,48.32,46.6
2016-09-28,47.05,44.96,47.45,44.35
2016-09-27,44.67,45.62,45.96,44.19
2016-09-26,45.93,44.62,46.2,44.43
2016-09-23,44.48,46.07,46.55,44.22
2016-09-22,46.32,45.62,46.52,45.52
2016-09-21,45.34,44.5,45.65,44.5
2016-09-20,43.44,43.13,44.05,42.55
2016-09-19,43.3,43.18,44.15,43.12
2016-09-16,43.03,43.71,43.75,42.74
2016-09-15,43.91,43.7,44.34,43.26
2016-09-14,43.58,45.0,45.33,43.42
2016-09-13,44.9,46.06,46.13,44.77
2016-09-12,46.29,45.57,46.51,44.72
2016-09-09,45.88,47.36,47.36,45.56
2016-09-08,47.62,46.12,47.75,45.77
2016-09-07,45.5,44.85,46.17,44.55
2016-09-06,44.83,44.15,46.53,43.84
2016-09-05,45.07,44.12,46.53,44.07
2016-09-04,44.11,44.15,44.38,44.1
2016-09-02,44.44,43.55,44.67,43.16
2016-09-01,43.16,44.85,45.08,43.0
2016-08-31,44.7,46.24,46.41,44.51
2016-08-30,46.35,46.98,47.49,46.21
2016-08-29,46.98,47.22,47.28,46.62
2016-08-26,47.64,47.37,48.46,46.94
2016-08-25,47.33,46.8,47.46,46.42
2016-08-24,46.77,47.59,47.74,46.45
2016-08-23,48.1,47.39,48.32,46.59
2016-08-22,47.05,48.4,48.4,46.75
2016-08-19,48.52,48.33,48.75,47.93
2016-08-18,48.22,46.9,48.38,46.63
2016-08-17,46.79,46.37,46.95,45.84
2016-08-16,46.58,45.59,46.73,45.34
2016-08-15,45.74,44.74,45.93,44.38
2016-08-12,44.49,43.46,44.78,43.31
2016-08-11,43.49,41.48,43.86,41.1
2016-08-10,41.71,42.74,43.39,41.42
2016-08-09,42.77,42.83,43.52,42.47
2016-08-08,43.02,41.99,43.39,41.81
2016-08-05,41.8,41.84,42.1,41.06
2016-08-04,41.93,41.16,42.08,40.43
2016-08-03,40.83,39.7,41.2,39.19
2016-08-02,39.51,40.08,40.91,39.26
2016-08-01,40.06,41.35,41.88,39.82
2016-07-29,41.6,41.12,41.67,40.57
2016-07-28,41.14,41.93,42.22,41.04
2016-07-27,41.92,42.66,43.2,41.68
2016-07-26,42.92,43.07,43.39,42.36
2016-07-25,43.13,44.2,44.37,42.97
2016-07-22,44.19,44.6,44.97,43.74
2016-07-21,44.75,45.65,46.09,44.52
2016-07-20,44.94,44.59,45.25,43.69
2016-07-19,44.65,45.23,45.67,44.53
2016-07-18,45.24,46.12,46.14,44.86
2016-07-15,45.95,45.52,46.33,45.05
2016-07-14,45.68,45.14,45.8,44.95
2016-07-13,44.75,46.58,46.71,44.56
2016-07-12,46.8,44.58,46.93,44.51
2016-07-11,44.76,45.07,45.77,44.42
2016-07-08,45.41,45.19,45.97,44.77
2016-07-07,45.14,47.88,48.25,44.87
2016-07-06,47.43,46.83,47.95,45.92
2016-07-05,46.6,49.11,49.35,46.33
2016-07-04,48.65,49.01,49.35,48.54
2016-07-03,49.01,49.14,49.22,48.94
2016-07-01,48.99,48.38,49.3,47.9
2016-06-30,48.33,49.55,49.62,48.17
2016-06-29,49.88,48.06,50.0,47.98
2016-06-28,47.85,46.59,48.18,46.54
2016-06-27,46.33,47.81,47.96,45.83
2016-06-24,47.64,50.3,50.45,46.7
2016-06-23,50.11,49.08,50.23,49.08
2016-06-22,49.13,50.22,50.54,48.4
2016-06-21,48.85,49.14,49.32,48.16
2016-06-20,49.37,48.29,49.42,48.14
2016-06-17,47.98,45.99,48.29,45.83
2016-06-16,46.21,47.45,47.75,45.91
2016-06-15,48.01,47.9,48.72,47.28
2016-06-14,48.49,48.52,48.69,47.84
2016-06-13,48.88,48.85,49.28,48.16
2016-06-10,49.07,50.47,50.73,48.8
2016-06-09,50.56,51.45,51.67,50.23
2016-06-08,51.23,50.41,51.62,50.32
2016-06-07,50.36,49.71,50.53,49.44
2016-06-06,49.69,48.88,49.9,48.71
2016-06-03,48.62,49.04,49.41,48.33
2016-06-02,49.17,48.9,49.47,47.97
2016-06-01,49.01,48.82,49.25,47.75
2016-05-31,49.1,49.54,50.1,48.81
2016-05-30,49.51,49.56,49.75,49.08
2016-05-29,49.58,49.54,49.71,49.54
2016-05-27,49.33,49.31,49.6,48.69
2016-05-26,49.48,49.7,50.21,49.22
2016-05-25,49.56,49.09,49.75,48.65
2016-05-24,48.62,48.08,49.27,47.64
2016-05-23,48.08,48.46,48.5,47.4
2016-05-20,47.75,48.2,48.79,47.44
2016-05-19,48.16,47.87,48.28,46.73
2016-05-18,48.19,48.53,48.95,47.75
2016-05-17,48.31,47.9,48.76,47.53
2016-05-16,47.72,46.28,47.98,46.15
2016-05-13,46.21,46.41,46.49,45.75
2016-05-12,46.7,46.0,47.02,45.61
2016-05-11,46.23,44.6,46.36,43.96
2016-05-10,44.66,43.25,44.79,43.03
2016-05-09,43.44,45.0,45.94,43.24
2016-05-06,44.66,44.52,45.34,43.54
2016-05-05,44.32,44.04,46.07,43.96
2016-05-04,43.78,43.85,44.88,43.22
2016-05-03,43.65,44.92,45.35,43.32
2016-05-02,44.78,45.9,46.15,44.54
2016-04-29,45.92,45.9,46.78,45.24
2016-04-28,46.03,45.3,46.14,44.94
2016-04-27,45.33,44.64,45.62,43.77
2016-04-26,44.04,42.96,44.83,42.5
2016-04-25,42.64,43.75,44.04,42.58
2016-04-22,43.73,43.42,44.45,43.11
2016-04-21,43.18,43.97,44.49,43.05
2016-04-20,42.63,40.8,42.91,39.85
2016-04-19,41.08,40.04,41.53,39.58
2016-04-18,39.78,38.75,40.24,37.61
2016-04-15,40.36,41.43,41.73,39.98
2016-04-14,41.5,41.54,42.16,40.84
2016-04-13,41.76,41.63,42.42,41.24
2016-04-12,42.17,40.35,42.25,40.09
2016-04-11,40.36,39.72,40.75,39.25
2016-04-08,39.72,37.52,39.84,37.45
2016-04-07,37.26,37.76,38.3,36.69
2016-04-06,37.75,36.52,37.9,36.43
2016-04-05,35.89,35.5,36.58,35.24
2016-04-04,35.7,36.61,37.21,35.46
2016-04-01,36.79,38.14,38.56,36.63
2016-03-31,38.34,38.3,39.04,37.57
2016-03-30,38.32,38.52,39.85,38.14
2016-03-29,38.28,39.32,39.48,37.91
2016-03-28,39.39,39.55,40.14,38.86
2016-03-24,39.46,39.73,39.77,38.33
2016-03-23,39.79,41.19,41.34,39.67
2016-03-22,41.45,41.59,41.9,40.77
2016-03-21,39.91,39.06,40.3,38.61
2016-03-18,39.44,40.25,41.2,39.15
2016-03-17,40.2,38.59,40.36,38.47
2016-03-16,38.46,36.74,38.63,36.61
2016-03-15,36.34,37.37,37.4,35.96
2016-03-14,37.18,38.17,38.77,36.68
2016-03-11,38.5,37.99,39.02,37.92
2016-03-10,37.84,38.17,38.48,37.21
2016-03-09,38.29,36.36,38.51,36.24
2016-03-08,36.5,37.94,38.39,36.12
2016-03-07,37.9,36.2,38.11,36.09
2016-03-04,35.92,34.66,36.34,34.4
2016-03-03,34.57,34.73,35.32,34.19
2016-03-02,34.66,33.89,35.17,33.55
2016-03-01,34.4,33.9,34.76,33.37
2016-02-29,33.75,32.72,33.98,32.32
2016-02-26,32.78,33.04,34.69,32.64
2016-02-25,33.07,32.19,33.49,31.07
2016-02-24,32.15,31.28,32.4,30.56
2016-02-23,31.87,33.34,33.53,31.22
2016-02-22,31.48,29.72,32.05,29.48
2016-02-19,29.64,30.6,30.73,29.05
2016-02-18,30.77,31.35,31.98,30.27
2016-02-17,30.66,29.14,31.49,28.73
2016-02-16,29.04,29.08,31.53,28.7
2016-02-15,30.6,29.08,30.69,28.97
2016-02-14,29.08,29.06,29.18,28.97
2016-02-12,29.44,27.3,29.66,26.95
2016-02-11,26.21,27.34,27.48,26.05
2016-02-10,27.45,28.36,29.22,27.24
2016-02-09,27.94,30.17,30.61,27.74
2016-02-08,29.69,30.97,31.38,29.57
2016-02-05,30.89,31.64,32.45,30.63
2016-02-04,31.72,32.71,33.6,31.53
2016-02-03,32.28,29.75,32.75,29.4
2016-02-02,29.88,31.37,31.53,29.57
2016-02-01,31.62,33.83,34.18,31.29
2016-01-29,33.62,33.7,34.4,32.65
2016-01-28,33.22,32.19,34.82,31.74
2016-01-27,32.3,30.55,32.84,30.14
2016-01-26,31.45,29.81,32.41,29.25
2016-01-25,30.34,32.05,32.74,29.68
2016-01-22,32.19,29.84,32.35,29.53
2016-01-21,29.53,28.35,30.25,27.87
2016-01-20,26.55,28.33,28.58,26.19
2016-01-19,28.46,29.2,30.21,28.21
2016-01-18,30.02,29.76,30.88,29.67
2016-01-17,29.75,30.68,30.68,29.36
2016-01-15,29.42,31.18,31.18,29.13
2016-01-14,31.2,30.6,31.77,30.28
2016-01-13,30.48,30.54,31.71,30.1
2016-01-12,30.44,31.11,32.21,29.93
2016-01-11,31.41,32.94,33.2,30.88
2016-01-08,33.16,33.3,34.34,32.64
2016-01-07,33.27,34.09,34.26,32.1
2016-01-06,33.97,36.18,36.39,33.77
2016-01-05,35.97,36.9,37.1,35.74
2016-01-04,36.76,37.6,38.39,36.33
2015-12-31,37.04,36.81,37.79,36.22
2015-12-30,36.6,37.36,37.4,36.4
2015-12-29,37.87,36.7,37.94,36.66
2015-12-28,36.81,38.0,38.09,36.6
2015-12-24,38.1,37.86,38.28,37.38
2015-12-23,37.5,36.47,37.95,36.28
2015-12-22,36.14,35.8,36.54,35.66
2015-12-21,34.74,34.58,34.86,33.98
2015-12-18,34.73,34.87,35.57,34.29
2015-12-17,34.95,35.8,35.84,34.63
2015-12-16,35.52,36.79,37.35,35.29
2015-12-15,37.35,36.32,37.88,36.03
2015-12-14,36.31,35.4,36.7,34.53
2015-12-11,35.62,36.63,36.84,35.16
2015-12-10,36.76,37.27,37.54,36.38
2015-12-09,37.16,37.86,38.99,36.87
2015-12-08,37.51,37.68,38.58,36.64
2015-12-07,37.65,40.1,40.15,37.5
2015-12-04,39.97,41.31,42.0,39.6
2015-12-03,41.08,40.15,41.78,40.07
2015-12-02,39.94,41.69,41.97,39.84
2015-12-01,41.85,41.73,42.23,41.17
2015-11-30,41.65,41.77,42.61,41.5
2015-11-27,41.71,43.25,43.3,41.67
2015-11-26,42.59,43.08,43.29,42.3
2015-11-25,43.04,42.69,43.25,41.72
2015-11-24,42.87,42.04,43.46,41.86
2015-11-23,41.75,41.49,42.75,40.41
2015-11-20,40.39,40.54,40.99,38.99
2015-11-19,40.54,40.72,41.05,39.89
2015-11-18,40.75,41.11,41.55,39.91
2015-11-17,40.67,41.96,42.03,40.58
2015-11-16,41.74,40.92,42.25,40.06
2015-11-13,40.74,41.61,42.21,40.22
2015-11-12,41.75,43.05,43.33,41.54
2015-11-11,42.93,43.63,44.11,42.62
2015-11-10,44.21,44.1,44.76,43.57
2015-11-09,43.87,44.52,45.12,43.64
2015-11-06,44.29,45.41,45.64,44.11
2015-11-05,45.2,46.57,46.65,45.12
2015-11-04,46.32,47.74,48.28,46.17
2015-11-03,47.9,46.11,48.36,45.96
2015-11-02,46.14,46.43,46.73,45.56
2015-10-30,46.59,45.74,47.03,45.48
2015-10-29,46.06,46.06,46.79,45.16
2015-10-28,45.94,43.44,46.22,43.06
2015-10-27,43.2,43.78,43.91,42.58
2015-10-26,43.98,44.74,44.94,43.64
2015-10-23,44.6,45.44,45.75,44.2
2015-10-22,45.38,45.27,46.1,44.9
2015-10-21,45.2,45.88,46.08,44.86
2015-10-20,45.55,46.25,46.52,45.23
2015-10-19,45.89,47.27,47.49,45.85
2015-10-16,47.26,46.87,47.5,46.16
2015-10-15,46.38,46.28,47.02,45.23
2015-10-14,46.64,46.69,46.96,45.94
2015-10-13,46.66,47.46,48.43,46.44
2015-10-12,47.1,49.51,50.13,47.04
2015-10-09,49.63,49.69,50.92,49.17
2015-10-08,49.43,48.11,50.07,47.76
2015-10-07,47.81,49.0,49.71,47.7
2015-10-06,48.53,46.2,49.08,45.73
2015-10-05,46.26,45.65,46.94,45.21
2015-10-02,45.54,45.07,45.81,43.97
2015-10-01,44.74,45.38,47.1,44.63
2015-09-30,45.09,44.92,45.85,44.68
2015-09-29,45.23,44.5,45.7,44.3
2015-09-28,44.43,45.38,45.5,44.3
2015-09-25,45.7,45.05,46.38,44.86
2015-09-24,44.91,44.62,45.18,43.71
2015-09-23,44.48,46.54,47.15,44.41
2015-09-22,45.83,46.45,46.48,45.14
2015-09-21,46.68,44.97,46.74,44.69
2015-09-18,44.68,46.89,47.03,44.24
2015-09-17,46.9,47.13,47.71,46.33
2015-09-16,47.15,45.16,47.35,44.82
2015-09-15,44.59,44.11,45.25,43.92
2015-09-14,44.0,44.78,44.97,43.59
2015-09-11,44.63,45.71,45.88,44.16
2015-09-10,45.92,44.16,46.04,43.36
2015-09-09,44.15,45.79,46.26,44.05
2015-09-08,45.94,45.82,46.41,44.14
2015-09-07,44.7,45.72,45.92,44.15
2015-09-06,45.72,45.72,45.87,45.61
2015-09-04,46.05,46.68,47.23,45.61
2015-09-03,46.75,46.11,48.42,45.65
2015-09-02,46.25,44.26,46.77,43.21
2015-09-01,45.41,48.1,48.87,44.15
2015-08-31,49.2,45.0,49.33,43.6
2015-08-28,45.22,42.68,45.9,41.78
2015-08-27,42.56,38.96,42.86,38.95
2015-08-26,38.6,39.69,39.86,38.52
2015-08-25,39.31,38.18,39.89,38.16
2015-08-24,38.24,40.3,40.47,37.75
2015-08-21,40.45,41.03,41.4,39.86
2015-08-20,41.14,40.58,41.48,40.21
2015-08-19,40.8,42.41,42.68,40.4
2015-08-18,42.62,41.88,42.9,41.43
2015-08-17,41.87,42.18,42.69,41.64
2015-08-14,42.5,42.23,42.96,41.35
2015-08-13,42.23,43.34,43.72,41.91
2015-08-12,43.3,43.27,43.87,42.8
2015-08-11,43.08,44.81,45.34,42.69
2015-08-10,44.96,43.58,45.01,43.35
2015-08-07,43.87,44.82,45.16,43.7
2015-08-06,44.66,45.16,45.27,44.2
2015-08-05,45.15,45.96,46.7,44.83
2015-08-04,45.74,45.35,46.23,45.29
2015-08-03,45.17,46.86,46.94,45.08
2015-07-31,47.12,48.47,48.62,46.7
2015-07-30,48.52,48.83,49.36,48.34
2015-07-29,48.79,47.81,49.52,47.39
2015-07-28,47.98,47.02,48.44,46.68
2015-07-27,47.39,48.0,48.2,46.91
2015-07-24,48.14,48.79,49.03,47.72
2015-07-23,48.45,49.23,49.63,48.21
2015-07-22,49.19,50.71,50.71,49.04
2015-07-21,50.36,49.95,51.02,49.77
2015-07-20,50.15,50.76,51.26,49.85
2015-07-17,50.89,50.91,51.23,50.14
2015-07-16,50.91,51.62,52.17,50.84
2015-07-15,51.41,53.4,53.5,51.21
2015-07-14,53.04,52.0,53.43,50.88
2015-07-13,52.2,52.15,53.17,51.26
2015-07-10,52.74,52.48,53.89,51.96
2015-07-09,52.78,51.83,53.54,51.48
2015-07-08,51.65,52.91,52.96,50.91
2015-07-07,52.33,52.75,53.43,50.58
2015-07-06,52.53,56.42,56.79,52.41
2015-07-03,55.52,56.6,56.78,55.42
2015-07-02,56.93,56.87,57.95,56.5
2015-07-01,56.96,58.98,58.98,56.68
2015-06-30,59.47,58.27,59.69,57.94
2015-06-29,58.33,58.84,59.27,58.04
2015-06-26,59.63,59.66,59.96,58.76
2015-06-25,59.7,60.22,60.46,59.43
2015-06-24,60.27,61.14,61.57,59.8
2015-06-23,61.01,60.21,61.49,59.55
2015-06-22,59.68,59.44,60.3,58.93
2015-06-19,59.61,60.5,60.56,58.88
2015-06-18,60.45,59.78,60.89,59.25
2015-06-17,59.92,60.03,61.38,58.85
2015-06-16,59.97,59.6,60.37,59.42
2015-06-15,59.52,59.9,59.98,58.73
2015-06-12,59.96,60.55,60.63,59.73
2015-06-11,60.77,61.14,61.53,60.21
2015-06-10,61.43,60.58,61.82,60.45
2015-06-09,60.14,58.31,60.68,58.23
2015-06-08,58.14,58.96,59.13,57.86
2015-06-05,59.13,57.99,59.23,56.83
2015-06-04,58.0,59.57,59.94,57.83
2015-06-03,59.64,61.02,61.43,59.34
2015-06-02,61.26,60.18,61.58,60.09
2015-06-01,60.2,60.29,60.64,59.33
2015-05-29,60.3,57.97,60.7,57.72
2015-05-28,57.68,57.63,58.07,56.51
2015-05-27,57.51,58.32,58.95,57.36
2015-05-26,58.03,60.05,60.25,57.71
2015-05-25,59.85,59.93,60.24,59.11
2015-05-24,59.92,60.01,60.01,59.78
2015-05-22,59.72,60.66,60.8,59.35
2015-05-21,60.72,58.81,60.94,58.69
2015-05-20,58.98,58.32,59.04,58.1
2015-05-19,57.26,59.54,59.63,57.09
2015-05-18,59.43,59.85,60.88,59.06
2015-05-15,59.69,59.67,59.97,58.42
2015-05-14,59.88,60.1,60.84,59.36
2015-05-13,60.5,61.23,61.85,60.02
2015-05-12,60.75,59.27,61.36,59.12
2015-05-11,59.25,59.43,59.85,58.75
2015-05-08,59.39,59.02,59.9,58.14
2015-05-07,58.94,60.69,61.31,58.49
2015-05-06,60.93,60.72,62.58,60.54
2015-05-05,60.4,58.95,61.1,58.63
2015-05-04,58.93,59.3,59.73,58.45
2015-05-01,59.15,59.79,59.9,58.32
2015-04-30,59.63,58.55,59.85,58.38
2015-04-29,58.58,56.93,59.33,56.54
2015-04-28,57.06,56.65,57.83,56.07
2015-04-27,56.99,57.3,57.89,56.52
2015-04-24,57.15,57.53,57.95,56.5
2015-04-23,57.74,56.28,58.41,55.76
2015-04-22,56.16,56.34,57.19,55.73
2015-04-21,55.26,56.41,56.91,55.01
2015-04-20,56.38,56.16,57.17,54.85
2015-04-17,55.74,56.56,56.88,55.31
2015-04-16,56.71,55.92,57.42,55.07
2015-04-15,56.39,53.55,56.69,53.39
2015-04-14,53.29,52.05,53.79,51.83
2015-04-13,51.91,51.81,53.1,51.47
2015-04-10,51.64,50.73,51.93,50.08
2015-04-09,50.79,51.0,52.07,50.51
2015-04-08,50.42,53.18,53.23,50.37
2015-04-07,53.98,51.95,54.13,51.17
2015-04-06,52.14,49.47,52.24,49.47
2015-04-03,49.14,49.14,49.14,49.14
2015-04-02,49.14,49.59,50.27,48.11
2015-04-01,50.09,47.55,50.45,47.05
2015-03-31,47.6,48.73,48.73,47.28
2015-03-30,48.68,48.57,49.16,47.61
2015-03-27,48.87,51.01,51.38,48.21
2015-03-26,51.43,49.02,52.48,48.73
2015-03-25,49.21,47.72,49.46,47.0
2015-03-24,47.51,47.46,48.56,46.67
2015-03-23,47.45,46.41,47.61,45.33
2015-03-20,45.72,43.99,46.53,43.31
2015-03-19,43.96,44.6,44.71,42.75
2015-03-18,44.66,42.51,45.34,42.03
2015-03-17,43.46,43.84,44.2,42.41
2015-03-16,43.88,44.81,45.0,42.85
2015-03-13,44.84,46.93,47.28,44.75
2015-03-12,47.05,48.44,48.76,46.86
2015-03-11,48.17,48.77,49.05,47.33
2015-03-10,48.29,50.08,50.36,48.2
2015-03-09,50.0,49.6,50.79,49.25
2015-03-06,49.61,50.89,51.22,48.88
2015-03-05,50.76,51.62,52.4,50.61
2015-03-04,51.53,50.61,51.99,49.6
2015-03-03,50.52,49.8,50.83,49.45
2015-03-02,49.59,49.45,51.04,48.71
2015-02-27,49.76,48.97,49.94,48.46
2015-02-26,48.17,51.0,51.22,47.8
2015-02-25,50.99,49.16,51.28,48.43
2015-02-24,49.28,49.42,50.33,48.68
2015-02-23,49.45,50.75,50.99,48.67
2015-02-20,50.34,51.24,51.85,49.91
2015-02-19,51.16,50.55,52.14,49.15
2015-02-18,52.14,53.24,53.41,50.32
2015-02-17,53.53,52.75,54.15,50.81
2015-02-16,53.61,54.04,54.08,52.92
2015-02-15,54.06,53.75,54.42,53.71
2015-02-13,52.78,51.35,53.43,51.03
2015-02-12,51.21,49.42,51.6,49.14
2015-02-11,48.84,50.98,51.14,48.05
2015-02-10,50.02,52.43,52.65,49.86
2015-02-09,52.86,52.01,53.99,51.65
2015-02-06,51.69,50.86,53.16,50.72
2015-02-05,50.48,48.67,52.1,47.36
2015-02-04,48.45,51.67,52.56,47.95
2015-02-03,53.05,49.79,54.24,49.69
2015-02-02,49.57,47.59,50.56,46.67
2015-01-30,48.24,44.63,48.35,44.31
2015-01-29,44.53,44.43,44.96,43.58
2015-01-28,44.45,45.83,45.83,44.08
2015-01-27,46.23,45.13,46.55,44.81
2015-01-26,45.15,45.2,46.41,44.35
2015-01-23,45.59,46.63,47.76,45.21
2015-01-22,46.31,47.35,49.09,45.87
2015-01-21,47.78,46.69,48.2,46.55
2015-01-20,46.39,48.69,48.77,45.89
2015-01-19,47.78,48.84,49.19,47.64
2015-01-18,48.85,48.95,49.06,48.78
2015-01-16,48.69,46.35,48.87,45.95
2015-01-15,46.25,48.6,51.27,46.07
2015-01-14,48.48,46.16,48.91,45.01
2015-01-13,45.89,45.69,46.79,44.2
2015-01-12,46.07,48.19,48.19,45.62
2015-01-09,48.36,48.92,49.61,47.16
2015-01-08,48.79,48.78,49.65,47.73
2015-01-07,48.65,48.0,49.31,46.83
2015-01-06,47.93,50.0,50.37,47.55
2015-01-05,50.04,52.61,52.73,49.68
2015-01-02,52.69,53.76,55.11,52.03
2015-01-01,54.56,53.73,54.85,53.72
2014-12-31,53.27,53.87,54.02,52.44
2014-12-30,54.12,53.72,54.32,52.7
2014-12-29,53.61,55.05,55.74,52.9
2014-12-26,54.73,55.86,56.59,54.51
2014-12-25,55.92,55.87,56.05,55.73
2014-12-24,55.84,56.8,57.15,55.07
2014-12-23,57.12,55.39,57.56,55.06
2014-12-22,55.26,57.75,58.53,55.13
2014-12-19,56.52,55.5,56.91,54.2
2014-12-18,54.11,55.83,58.73,54.05
2014-12-17,56.47,55.5,58.98,54.21
2014-12-16,55.93,55.4,57.15,53.6
2014-12-15,55.91,57.07,58.73,55.02
2014-12-12,57.81,59.17,59.57,57.34
2014-12-11,59.95,61.12,61.68,58.96
2014-12-10,60.94,63.33,63.43,60.43
2014-12-09,63.82,63.01,64.2,62.25
2014-12-08,63.05,65.46,65.55,62.78
2014-12-05,65.84,66.8,66.89,65.17
2014-12-04,66.81,67.4,68.22,66.09
2014-12-03,67.38,67.6,68.23,66.8
2014-12-02,66.88,69.24,69.32,66.67
2014-12-01,69.0,66.0,69.54,63.72
2014-11-28,66.15,73.5,73.56,65.69
2014-11-27,68.55,73.54,73.55,67.77
2014-11-26,73.69,73.87,74.48,73.3
2014-11-25,74.09,75.51,76.58,73.71
2014-11-24,75.78,76.62,77.02,75.45
2014-11-21,76.51,76.29,77.83,75.62
2014-11-20,75.58,74.25,75.76,74.17
2014-11-19,74.58,74.23,75.4,73.88
2014-11-18,74.61,75.49,76.44,74.12
2014-11-17,75.64,75.93,76.18,74.71
2014-11-14,75.82,74.36,76.3,73.25
2014-11-13,74.21,76.95,77.16,74.07
2014-11-12,77.18,77.5,78.08,76.63
2014-11-11,77.94,77.18,78.04,76.42
2014-11-10,77.4,78.5,79.85,77.13
2014-11-07,78.65,77.86,79.41,77.47
2014-11-06,77.91,78.87,78.98,77.12
2014-11-05,78.68,77.36,79.35,76.46
2014-11-04,77.19,78.22,78.41,75.84
2014-11-03,78.78,80.59,80.98,78.08
2014-10-31,80.54,81.04,81.27,79.55
2014-10-30,81.12,81.93,82.09,80.72
2014-10-29,82.2,81.55,82.88,81.44
2014-10-28,81.42,80.64,81.66,80.36
2014-10-27,81.0,81.27,81.29,79.44
2014-10-24,81.01,81.95,81.95,80.36
2014-10-23,82.09,80.42,82.37,80.05
2014-10-22,80.52,82.55,83.15,80.22
2014-10-21,82.81,82.76,84.05,82.29
2014-10-20,82.71,83.13,83.48,81.55
2014-10-17,82.75,83.18,84.45,82.44
2014-10-16,82.7,81.06,84.83,79.78
2014-10-15,81.78,82.32,82.45,80.01
2014-10-14,81.84,84.98,85.6,81.32
2014-10-13,85.74,85.2,85.87,84.07
2014-10-10,85.82,84.39,86.29,83.59
2014-10-09,85.77,87.73,87.95,84.06
2014-10-08,87.31,88.43,88.63,86.83
2014-10-07,88.85,90.45,90.57,88.38
2014-10-06,90.34,89.77,90.74,88.76
2014-10-03,89.74,91.38,91.79,89.36
2014-10-02,91.01,90.74,91.54,88.18
2014-10-01,90.73,91.36,92.96,90.47
2014-09-30,91.16,94.34,94.9,90.86
2014-09-29,94.57,93.35,94.64,92.74
2014-09-26,93.54,92.47,93.86,92.23
2014-09-25,92.53,92.89,93.54,92.05
2014-09-24,92.8,91.72,93.29,91.12
2014-09-23,91.56,90.7,92.09,90.58
2014-09-22,91.52,92.22,92.64,91.2
2014-09-19,92.41,92.97,93.22,91.85
2014-09-18,93.07,93.97,94.82,92.85
2014-09-17,94.42,94.71,95.06,93.74
2014-09-16,94.88,92.81,95.19,92.46
2014-09-15,92.92,92.13,93.03,90.63
2014-09-12,92.27,93.05,93.67,91.96
2014-09-11,92.83,91.71,93.44,90.43
2014-09-10,91.67,92.79,93.03,91.22
2014-09-09,92.75,93.11,93.94,92.52
2014-09-08,92.66,93.49,93.62,91.8
2014-09-05,93.29,94.57,94.99,92.86
2014-09-04,94.45,95.07,95.39,94.16
2014-09-03,95.54,93.28,95.83,93.06
2014-09-02,92.88,95.81,95.91,92.68
2014-09-01,95.83,95.76,95.9,95.51
2014-08-29,95.96,94.56,96.0,94.48
2014-08-28,94.55,93.75,94.71,93.45
2014-08-27,93.88,93.88,94.24,93.36
2014-08-26,93.86,93.36,94.35,93.35
2014-08-25,93.35,93.34,93.95,93.05
2014-08-22,93.65,93.89,94.04,92.92
2014-08-21,93.96,93.49,94.45,92.5
2014-08-20,96.07,94.7,96.47,94.7
2014-08-19,94.48,96.56,97.05,94.26
2014-08-18,96.41,97.1,97.16,95.81
2014-08-15,97.35,95.5,97.41,95.32
2014-08-14,95.58,97.3,97.59,95.26
2014-08-13,97.59,97.2,97.78,96.75
2014-08-12,97.37,97.84,97.94,96.81
2014-08-11,98.08,97.54,98.58,97.37
2014-08-08,97.65,97.64,98.45,97.15
2014-08-07,97.34,96.89,97.72,96.55
2014-08-06,96.92,97.62,98.13,96.69
2014-08-05,97.38,98.41,98.67,97.0
2014-08-04,98.29,97.67,98.67,97.43
2014-08-01,97.88,97.7,98.1,97.09
2014-07-31,98.17,99.47,99.85,97.6
2014-07-30,100.27,101.03,101.67,99.42
2014-07-29,100.97,101.6,101.83,100.37
2014-07-28,101.67,101.87,102.1,100.9
2014-07-25,102.09,102.04,102.53,101.0
2014-07-24,102.07,103.2,103.31,101.88
2014-07-23,103.12,101.96,103.34,101.79
2014-07-22,104.42,104.58,105.25,103.89
2014-07-21,104.59,102.97,104.99,102.65
2014-07-18,103.13,103.72,103.94,102.58
2014-07-17,103.19,101.49,103.9,101.27
2014-07-16,101.2,100.21,101.6,100.07
2014-07-15,99.96,100.93,101.06,99.01
2014-07-14,100.91,100.46,101.2,100.22
2014-07-11,100.83,102.86,102.92,100.44
2014-07-10,102.93,101.95,103.0,101.55
2014-07-09,102.29,103.45,103.6,101.85
2014-07-08,103.4,103.39,104.2,103.01
2014-07-07,103.53,104.06,104.09,103.19
2014-07-04,103.76,104.11,104.13,103.64
2014-07-03,104.06,104.27,104.29,103.67
2014-07-02,104.48,105.21,105.53,104.1
2014-07-01,105.34,105.44,106.09,104.6
2014-06-30,105.37,105.69,105.76,104.66
2014-06-27,105.74,105.64,106.19,105.33
2014-06-26,105.84,106.71,106.81,105.03
2014-06-25,106.5,106.14,107.5,105.47
2014-06-24,106.03,106.02,106.46,105.25
2014-06-23,106.17,107.42,107.45,105.91
2014-06-20,107.26,106.6,107.73,106.33
2014-06-19,106.43,106.11,106.7,105.32
2014-06-18,105.97,106.6,106.97,105.8
2014-06-17,106.36,106.59,107.18,106.01
2014-06-16,106.9,106.88,107.54,106.57
2014-06-13,106.91,106.84,107.68,106.37
2014-06-12,106.53,104.47,106.95,104.35
2014-06-11,104.4,104.3,104.81,104.17
2014-06-10,104.35,104.46,105.06,103.98
2014-06-09,104.41,102.78,104.57,102.62
2014-06-06,102.66,102.44,103.07,102.3
2014-06-05,102.48,102.37,102.69,101.6
2014-06-04,102.64,102.79,103.69,102.34
2014-06-03,102.66,102.44,102.86,102.23
2014-06-02,102.47,102.92,103.35,102.1
2014-05-30,102.71,103.51,103.56,102.4
2014-05-29,103.58,103.06,103.94,102.61
2014-05-28,102.72,104.14,104.39,102.64
2014-05-27,104.11,104.34,104.5,103.57
2014-05-26,104.28,104.2,104.38,103.93
2014-05-23,104.35,103.71,104.5,103.64
2014-05-22,103.74,103.85,104.22,103.55
2014-05-21,104.07,102.96,104.29,102.78
2014-05-20,102.44,102.6,102.86,102.1
2014-05-19,102.61,102.13,103.09,101.97
2014-05-16,102.02,101.56,102.23,101.39
2014-05-15,101.5,102.03,102.26,101.27
2014-05-14,102.37,101.91,102.65,101.83
2014-05-13,101.7,100.63,102.05,100.36
2014-05-12,100.59,100.12,100.93,99.93
2014-05-09,99.99,100.27,101.18,99.71
2014-05-08,100.26,100.82,100.93,99.87
2014-05-07,100.77,99.83,100.99,99.78
2014-05-06,99.5,99.38,100.42,99.32
2014-05-05,99.48,99.96,100.44,98.91
2014-05-02,99.76,99.17,100.14,99.17
2014-05-01,99.42,99.72,99.89,98.74
2014-04-30,99.74,100.76,100.76,99.35
2014-04-29,101.28,100.89,102.2,100.71
2014-04-28,100.84,100.49,101.52,100.33
2014-04-25,100.6,101.93,102.05,100.48
2014-04-24,101.94,101.54,102.35,101.4
2014-04-23,101.44,101.86,102.08,101.2
2014-04-22,102.13,104.36,104.36,101.69
2014-04-21,104.37,104.54,104.77,103.85
2014-04-17,104.3,103.84,104.78,103.54
2014-04-16,103.76,103.76,104.99,103.12
2014-04-15,103.75,103.6,104.05,102.91
2014-04-14,104.05,103.56,104.55,103.34
2014-04-11,103.74,103.34,104.44,103.01
2014-04-10,103.4,103.44,103.81,103.1
2014-04-09,103.6,102.35,103.77,102.03
2014-04-08,102.56,100.69,102.71,100.68
2014-04-07,100.44,100.91,101.32,99.92
2014-04-04,101.14,100.38,101.63,100.28
2014-04-03,100.29,99.29,100.49,99.07
2014-04-02,99.62,99.64,99.83,98.86
2014-04-01,99.74,101.53,101.57,99.28
2014-03-31,101.58,101.69,101.97,100.88
2014-03-28,101.67,101.34,102.24,101.18
2014-03-27,101.28,100.3,101.7,100.03
2014-03-26,100.26,99.18,100.46,99.1
2014-03-25,99.19,99.43,100.25,98.8
2014-03-24,99.6,99.49,100.29,99.05
2014-03-21,99.46,98.59,100.25,98.25
2014-03-20,99.43,100.39,100.82,99.08
2014-03-19,100.37,99.53,100.47,99.34
2014-03-18,99.7,97.97,99.78,97.75
2014-03-17,98.08,99.39,99.39,97.37
2014-03-14,98.89,98.25,99.28,98.06
2014-03-13,98.2,98.1,98.6,97.67
2014-03-12,97.99,99.48,99.6,97.55
2014-03-11,100.03,100.94,101.52,99.32
2014-03-10,101.12,102.75,102.82,100.85
2014-03-07,102.58,101.97,102.91,101.57
2014-03-06,101.56,101.04,102.08,100.13
2014-03-05,101.45,103.35,103.53,100.85
2014-03-04,103.33,104.89,104.96,102.85
2014-03-03,104.92,103.0,105.22,102.95
2014-02-28,102.59,102.15,102.96,101.8
2014-02-27,102.4,102.57,103.08,101.75
2014-02-26,102.59,102.04,102.9,101.58
2014-02-25,101.83,102.8,102.84,101.02
2014-02-24,102.82,102.29,103.45,101.97
2014-02-21,102.2,102.87,102.92,101.69
2014-02-20,102.92,103.41,103.5,102.75
2014-02-19,103.31,103.14,103.8,102.4
2014-02-18,102.43,100.32,103.25,100.23
2014-02-17,100.58,100.59,100.83,100.23
2014-02-14,100.3,100.34,100.47,99.43
2014-02-13,100.35,100.27,100.66,99.4
2014-02-12,100.37,100.46,101.38,100.04
2014-02-11,99.94,99.97,100.6,99.6
2014-02-10,100.06,100.05,100.55,99.11
2014-02-07,99.88,97.97,100.24,97.11
2014-02-06,97.84,97.25,98.83,97.25
2014-02-05,97.38,97.67,98.26,96.8
2014-02-04,97.19,96.53,97.82,96.37
2014-02-03,96.43,97.4,97.94,96.26
2014-01-31,97.49,97.97,98.39,97.1
2014-01-30,98.23,97.42,98.59,97.33
2014-01-29,97.36,97.17,97.75,96.32
2014-01-28,97.41,95.66,97.66,95.63
2014-01-27,95.72,96.9,97.18,95.21
2014-01-24,96.64,97.37,97.8,96.25
2014-01-23,97.32,96.69,97.84,96.41
2014-01-22,96.73,95.2,96.89,95.12
2014-01-21,94.99,94.0,95.23,93.43
2014-01-20,93.93,94.31,94.31,93.66
2014-01-17,94.37,94.17,94.94,93.94
2014-01-16,93.96,94.29,94.64,93.6
2014-01-15,94.17,92.65,94.64,92.43
2014-01-14,92.59,91.51,92.88,91.5
2014-01-13,91.8,92.83,92.88,91.43
2014-01-10,92.72,92.3,93.38,91.99
2014-01-09,91.66,92.58,92.93,91.24
2014-01-08,92.33,93.96,94.18,92.26
2014-01-07,93.67,93.6,94.22,93.35
2014-01-06,93.43,94.18,94.59,93.2
2014-01-03,93.96,95.47,95.74,93.86
2014-01-02,95.44,98.5,98.97,95.34
2014-01-01,98.7,98.61,98.76,98.54
